action,landmark,variation,order,goal,task_id
open door to hallway,False,1,0,Your task is to find a(n) non-living thing,task-3-find-non-living-thing
go to hallway,False,1,1,Your task is to find a(n) non-living thing,task-3-find-non-living-thing
open door to kitchen,False,1,2,Your task is to find a(n) non-living thing,task-3-find-non-living-thing
go to kitchen,False,1,3,Your task is to find a(n) non-living thing,task-3-find-non-living-thing
focus on counter,False,1,4,Your task is to find a(n) non-living thing,task-3-find-non-living-thing
move counter to green box,False,1,5,Your task is to find a(n) non-living thing,task-3-find-non-living-thing
