action,landmark,variation,order,goal,task_id
open door to hallway,False,10,0,Your task is to find a(n) non-living thing,task-3-find-non-living-thing
go to hallway,False,10,1,Your task is to find a(n) non-living thing,task-3-find-non-living-thing
open door to kitchen,False,10,2,Your task is to find a(n) non-living thing,task-3-find-non-living-thing
go to kitchen,False,10,3,Your task is to find a(n) non-living thing,task-3-find-non-living-thing
open door to bathroom,False,10,4,Your task is to find a(n) non-living thing,task-3-find-non-living-thing
go to bathroom,False,10,5,Your task is to find a(n) non-living thing,task-3-find-non-living-thing
focus on cup,False,10,6,Your task is to find a(n) non-living thing,task-3-find-non-living-thing
move cup to yellow box,False,10,7,Your task is to find a(n) non-living thing,task-3-find-non-living-thing
