action,landmark,variation,order,goal,task_id
open door to kitchen,False,100,0,Your task is to find a(n) non-living thing,task-3-find-non-living-thing
go to kitchen,False,100,1,Your task is to find a(n) non-living thing,task-3-find-non-living-thing
open door to bathroom,False,100,2,Your task is to find a(n) non-living thing,task-3-find-non-living-thing
go to bathroom,False,100,3,Your task is to find a(n) non-living thing,task-3-find-non-living-thing
focus on picture,False,100,4,Your task is to find a(n) non-living thing,task-3-find-non-living-thing
move picture to yellow box,False,100,5,Your task is to find a(n) non-living thing,task-3-find-non-living-thing
