action,landmark,variation,order,goal,task_id
open door to hallway,False,101,0,Your task is to find a(n) non-living thing,task-3-find-non-living-thing
go to hallway,False,101,1,Your task is to find a(n) non-living thing,task-3-find-non-living-thing
open door to kitchen,False,101,2,Your task is to find a(n) non-living thing,task-3-find-non-living-thing
go to kitchen,False,101,3,Your task is to find a(n) non-living thing,task-3-find-non-living-thing
open door to bathroom,False,101,4,Your task is to find a(n) non-living thing,task-3-find-non-living-thing
go to bathroom,False,101,5,Your task is to find a(n) non-living thing,task-3-find-non-living-thing
focus on cup,False,101,6,Your task is to find a(n) non-living thing,task-3-find-non-living-thing
move cup to purple box,False,101,7,Your task is to find a(n) non-living thing,task-3-find-non-living-thing
