action,landmark,variation,order,goal,task_id
open door to hallway,False,102,0,Your task is to find a(n) non-living thing,task-3-find-non-living-thing
go to hallway,False,102,1,Your task is to find a(n) non-living thing,task-3-find-non-living-thing
open door to living room,False,102,2,Your task is to find a(n) non-living thing,task-3-find-non-living-thing
go to living room,False,102,3,Your task is to find a(n) non-living thing,task-3-find-non-living-thing
focus on table,False,102,4,Your task is to find a(n) non-living thing,task-3-find-non-living-thing
move table to red box,False,102,5,Your task is to find a(n) non-living thing,task-3-find-non-living-thing
