action,landmark,variation,order,goal,task_id
open door to hallway,False,104,0,Your task is to find a(n) non-living thing,task-3-find-non-living-thing
go to hallway,False,104,1,Your task is to find a(n) non-living thing,task-3-find-non-living-thing
open door to living room,False,104,2,Your task is to find a(n) non-living thing,task-3-find-non-living-thing
go to living room,False,104,3,Your task is to find a(n) non-living thing,task-3-find-non-living-thing
focus on cloth sittable,False,104,4,Your task is to find a(n) non-living thing,task-3-find-non-living-thing
move cloth sittable to blue box,False,104,5,Your task is to find a(n) non-living thing,task-3-find-non-living-thing
