action,landmark,variation,order,goal,task_id
open door to kitchen,False,105,0,Your task is to find a(n) non-living thing,task-3-find-non-living-thing
go to kitchen,False,105,1,Your task is to find a(n) non-living thing,task-3-find-non-living-thing
open door to hallway,False,105,2,Your task is to find a(n) non-living thing,task-3-find-non-living-thing
go to hallway,False,105,3,Your task is to find a(n) non-living thing,task-3-find-non-living-thing
open door to living room,False,105,4,Your task is to find a(n) non-living thing,task-3-find-non-living-thing
go to living room,False,105,5,Your task is to find a(n) non-living thing,task-3-find-non-living-thing
focus on chair,False,105,6,Your task is to find a(n) non-living thing,task-3-find-non-living-thing
move chair to orange box,False,105,7,Your task is to find a(n) non-living thing,task-3-find-non-living-thing
