action,landmark,variation,order,goal,task_id
open door to hallway,False,106,0,Your task is to find a(n) non-living thing,task-3-find-non-living-thing
go to hallway,False,106,1,Your task is to find a(n) non-living thing,task-3-find-non-living-thing
open door to living room,False,106,2,Your task is to find a(n) non-living thing,task-3-find-non-living-thing
go to living room,False,106,3,Your task is to find a(n) non-living thing,task-3-find-non-living-thing
focus on drawer,False,106,4,Your task is to find a(n) non-living thing,task-3-find-non-living-thing
move drawer to yellow box,False,106,5,Your task is to find a(n) non-living thing,task-3-find-non-living-thing
