action,landmark,variation,order,goal,task_id
open door to green house,False,107,0,Your task is to find a(n) non-living thing,task-3-find-non-living-thing
go to green house,False,107,1,Your task is to find a(n) non-living thing,task-3-find-non-living-thing
open door to hallway,False,107,2,Your task is to find a(n) non-living thing,task-3-find-non-living-thing
go to hallway,False,107,3,Your task is to find a(n) non-living thing,task-3-find-non-living-thing
open door to living room,False,107,4,Your task is to find a(n) non-living thing,task-3-find-non-living-thing
go to living room,False,107,5,Your task is to find a(n) non-living thing,task-3-find-non-living-thing
focus on object,False,107,6,Your task is to find a(n) non-living thing,task-3-find-non-living-thing
move object to purple box,False,107,7,Your task is to find a(n) non-living thing,task-3-find-non-living-thing
