action,landmark,variation,order,goal,task_id
open door to hallway,False,108,0,Your task is to find a(n) non-living thing,task-3-find-non-living-thing
go to hallway,False,108,1,Your task is to find a(n) non-living thing,task-3-find-non-living-thing
open door to bedroom,False,108,2,Your task is to find a(n) non-living thing,task-3-find-non-living-thing
go to bedroom,False,108,3,Your task is to find a(n) non-living thing,task-3-find-non-living-thing
focus on painting,False,108,4,Your task is to find a(n) non-living thing,task-3-find-non-living-thing
move painting to red box,False,108,5,Your task is to find a(n) non-living thing,task-3-find-non-living-thing
