action,landmark,variation,order,goal,task_id
open door to kitchen,False,110,0,Your task is to find a(n) non-living thing,task-3-find-non-living-thing
go to kitchen,False,110,1,Your task is to find a(n) non-living thing,task-3-find-non-living-thing
open door to hallway,False,110,2,Your task is to find a(n) non-living thing,task-3-find-non-living-thing
go to hallway,False,110,3,Your task is to find a(n) non-living thing,task-3-find-non-living-thing
open door to bedroom,False,110,4,Your task is to find a(n) non-living thing,task-3-find-non-living-thing
go to bedroom,False,110,5,Your task is to find a(n) non-living thing,task-3-find-non-living-thing
focus on table,False,110,6,Your task is to find a(n) non-living thing,task-3-find-non-living-thing
move table to blue box,False,110,7,Your task is to find a(n) non-living thing,task-3-find-non-living-thing
