action,landmark,variation,order,goal,task_id
open door to hallway,False,111,0,Your task is to find a(n) non-living thing,task-3-find-non-living-thing
go to hallway,False,111,1,Your task is to find a(n) non-living thing,task-3-find-non-living-thing
open door to bedroom,False,111,2,Your task is to find a(n) non-living thing,task-3-find-non-living-thing
go to bedroom,False,111,3,Your task is to find a(n) non-living thing,task-3-find-non-living-thing
focus on book shelf,False,111,4,Your task is to find a(n) non-living thing,task-3-find-non-living-thing
move book shelf to orange box,False,111,5,Your task is to find a(n) non-living thing,task-3-find-non-living-thing
