action,landmark,variation,order,goal,task_id
open door to hallway,False,112,0,Your task is to find a(n) non-living thing,task-3-find-non-living-thing
go to hallway,False,112,1,Your task is to find a(n) non-living thing,task-3-find-non-living-thing
open door to bedroom,False,112,2,Your task is to find a(n) non-living thing,task-3-find-non-living-thing
go to bedroom,False,112,3,Your task is to find a(n) non-living thing,task-3-find-non-living-thing
focus on object,False,112,4,Your task is to find a(n) non-living thing,task-3-find-non-living-thing
move object to yellow box,False,112,5,Your task is to find a(n) non-living thing,task-3-find-non-living-thing
