action,landmark,variation,order,goal,task_id
open door to hallway,False,116,0,Your task is to find a(n) non-living thing,task-3-find-non-living-thing
go to hallway,False,116,1,Your task is to find a(n) non-living thing,task-3-find-non-living-thing
open door to workshop,False,116,2,Your task is to find a(n) non-living thing,task-3-find-non-living-thing
go to workshop,False,116,3,Your task is to find a(n) non-living thing,task-3-find-non-living-thing
focus on red wire,False,116,4,Your task is to find a(n) non-living thing,task-3-find-non-living-thing
move red wire to blue box,False,116,5,Your task is to find a(n) non-living thing,task-3-find-non-living-thing
