action,landmark,variation,order,goal,task_id
open door to kitchen,False,118,0,Your task is to find a(n) non-living thing,task-3-find-non-living-thing
go to kitchen,False,118,1,Your task is to find a(n) non-living thing,task-3-find-non-living-thing
open door to hallway,False,118,2,Your task is to find a(n) non-living thing,task-3-find-non-living-thing
go to hallway,False,118,3,Your task is to find a(n) non-living thing,task-3-find-non-living-thing
open door to workshop,False,118,4,Your task is to find a(n) non-living thing,task-3-find-non-living-thing
go to workshop,False,118,5,Your task is to find a(n) non-living thing,task-3-find-non-living-thing
focus on blue wire,False,118,6,Your task is to find a(n) non-living thing,task-3-find-non-living-thing
move blue wire to yellow box,False,118,7,Your task is to find a(n) non-living thing,task-3-find-non-living-thing
