action,landmark,variation,order,goal,task_id
open door to outside,False,120,0,Your task is to find a(n) non-living thing,task-3-find-non-living-thing
go to outside,False,120,1,Your task is to find a(n) non-living thing,task-3-find-non-living-thing
open door to kitchen,False,120,2,Your task is to find a(n) non-living thing,task-3-find-non-living-thing
go to kitchen,False,120,3,Your task is to find a(n) non-living thing,task-3-find-non-living-thing
focus on painting,False,120,4,Your task is to find a(n) non-living thing,task-3-find-non-living-thing
move painting to red box,False,120,5,Your task is to find a(n) non-living thing,task-3-find-non-living-thing
