action,landmark,variation,order,goal,task_id
open door to hallway,False,122,0,Your task is to find a(n) non-living thing,task-3-find-non-living-thing
go to hallway,False,122,1,Your task is to find a(n) non-living thing,task-3-find-non-living-thing
open door to kitchen,False,122,2,Your task is to find a(n) non-living thing,task-3-find-non-living-thing
go to kitchen,False,122,3,Your task is to find a(n) non-living thing,task-3-find-non-living-thing
focus on lighter,False,122,4,Your task is to find a(n) non-living thing,task-3-find-non-living-thing
move lighter to blue box,False,122,5,Your task is to find a(n) non-living thing,task-3-find-non-living-thing
