action,landmark,variation,order,goal,task_id
open door to outside,False,123,0,Your task is to find a(n) non-living thing,task-3-find-non-living-thing
go to outside,False,123,1,Your task is to find a(n) non-living thing,task-3-find-non-living-thing
open door to kitchen,False,123,2,Your task is to find a(n) non-living thing,task-3-find-non-living-thing
go to kitchen,False,123,3,Your task is to find a(n) non-living thing,task-3-find-non-living-thing
focus on soap,False,123,4,Your task is to find a(n) non-living thing,task-3-find-non-living-thing
move soap to orange box,False,123,5,Your task is to find a(n) non-living thing,task-3-find-non-living-thing
