action,landmark,variation,order,goal,task_id
open door to outside,False,124,0,Your task is to find a(n) non-living thing,task-3-find-non-living-thing
go to outside,False,124,1,Your task is to find a(n) non-living thing,task-3-find-non-living-thing
open door to kitchen,False,124,2,Your task is to find a(n) non-living thing,task-3-find-non-living-thing
go to kitchen,False,124,3,Your task is to find a(n) non-living thing,task-3-find-non-living-thing
focus on glass jar,False,124,4,Your task is to find a(n) non-living thing,task-3-find-non-living-thing
move glass jar to yellow box,False,124,5,Your task is to find a(n) non-living thing,task-3-find-non-living-thing
