action,landmark,variation,order,goal,task_id
open door to hallway,False,126,0,Your task is to find a(n) non-living thing,task-3-find-non-living-thing
go to hallway,False,126,1,Your task is to find a(n) non-living thing,task-3-find-non-living-thing
open door to kitchen,False,126,2,Your task is to find a(n) non-living thing,task-3-find-non-living-thing
go to kitchen,False,126,3,Your task is to find a(n) non-living thing,task-3-find-non-living-thing
open door to bathroom,False,126,4,Your task is to find a(n) non-living thing,task-3-find-non-living-thing
go to bathroom,False,126,5,Your task is to find a(n) non-living thing,task-3-find-non-living-thing
focus on cup,False,126,6,Your task is to find a(n) non-living thing,task-3-find-non-living-thing
move cup to red box,False,126,7,Your task is to find a(n) non-living thing,task-3-find-non-living-thing
