action,landmark,variation,order,goal,task_id
open door to hallway,False,127,0,Your task is to find a(n) non-living thing,task-3-find-non-living-thing
go to hallway,False,127,1,Your task is to find a(n) non-living thing,task-3-find-non-living-thing
open door to kitchen,False,127,2,Your task is to find a(n) non-living thing,task-3-find-non-living-thing
go to kitchen,False,127,3,Your task is to find a(n) non-living thing,task-3-find-non-living-thing
open door to bathroom,False,127,4,Your task is to find a(n) non-living thing,task-3-find-non-living-thing
go to bathroom,False,127,5,Your task is to find a(n) non-living thing,task-3-find-non-living-thing
focus on picture,False,127,6,Your task is to find a(n) non-living thing,task-3-find-non-living-thing
move picture to green box,False,127,7,Your task is to find a(n) non-living thing,task-3-find-non-living-thing
