action,landmark,variation,order,goal,task_id
open door to hallway,False,128,0,Your task is to find a(n) non-living thing,task-3-find-non-living-thing
go to hallway,False,128,1,Your task is to find a(n) non-living thing,task-3-find-non-living-thing
open door to kitchen,False,128,2,Your task is to find a(n) non-living thing,task-3-find-non-living-thing
go to kitchen,False,128,3,Your task is to find a(n) non-living thing,task-3-find-non-living-thing
open door to bathroom,False,128,4,Your task is to find a(n) non-living thing,task-3-find-non-living-thing
go to bathroom,False,128,5,Your task is to find a(n) non-living thing,task-3-find-non-living-thing
focus on cup,False,128,6,Your task is to find a(n) non-living thing,task-3-find-non-living-thing
move cup to blue box,False,128,7,Your task is to find a(n) non-living thing,task-3-find-non-living-thing
