action,landmark,variation,order,goal,task_id
open door to outside,False,129,0,Your task is to find a(n) non-living thing,task-3-find-non-living-thing
go to outside,False,129,1,Your task is to find a(n) non-living thing,task-3-find-non-living-thing
open door to kitchen,False,129,2,Your task is to find a(n) non-living thing,task-3-find-non-living-thing
go to kitchen,False,129,3,Your task is to find a(n) non-living thing,task-3-find-non-living-thing
open door to bathroom,False,129,4,Your task is to find a(n) non-living thing,task-3-find-non-living-thing
go to bathroom,False,129,5,Your task is to find a(n) non-living thing,task-3-find-non-living-thing
focus on picture,False,129,6,Your task is to find a(n) non-living thing,task-3-find-non-living-thing
move picture to orange box,False,129,7,Your task is to find a(n) non-living thing,task-3-find-non-living-thing
