action,landmark,variation,order,goal,task_id
open door to kitchen,False,13,0,Your task is to find a(n) non-living thing,task-3-find-non-living-thing
go to kitchen,False,13,1,Your task is to find a(n) non-living thing,task-3-find-non-living-thing
open door to hallway,False,13,2,Your task is to find a(n) non-living thing,task-3-find-non-living-thing
go to hallway,False,13,3,Your task is to find a(n) non-living thing,task-3-find-non-living-thing
open door to living room,False,13,4,Your task is to find a(n) non-living thing,task-3-find-non-living-thing
go to living room,False,13,5,Your task is to find a(n) non-living thing,task-3-find-non-living-thing
focus on object,False,13,6,Your task is to find a(n) non-living thing,task-3-find-non-living-thing
move object to green box,False,13,7,Your task is to find a(n) non-living thing,task-3-find-non-living-thing
