action,landmark,variation,order,goal,task_id
open door to hallway,False,131,0,Your task is to find a(n) non-living thing,task-3-find-non-living-thing
go to hallway,False,131,1,Your task is to find a(n) non-living thing,task-3-find-non-living-thing
open door to kitchen,False,131,2,Your task is to find a(n) non-living thing,task-3-find-non-living-thing
go to kitchen,False,131,3,Your task is to find a(n) non-living thing,task-3-find-non-living-thing
open door to bathroom,False,131,4,Your task is to find a(n) non-living thing,task-3-find-non-living-thing
go to bathroom,False,131,5,Your task is to find a(n) non-living thing,task-3-find-non-living-thing
focus on finger painting,False,131,6,Your task is to find a(n) non-living thing,task-3-find-non-living-thing
move finger painting to purple box,False,131,7,Your task is to find a(n) non-living thing,task-3-find-non-living-thing
