action,landmark,variation,order,goal,task_id
open door to living room,False,132,0,Your task is to find a(n) non-living thing,task-3-find-non-living-thing
go to living room,False,132,1,Your task is to find a(n) non-living thing,task-3-find-non-living-thing
focus on book (pride and prejudice),False,132,2,Your task is to find a(n) non-living thing,task-3-find-non-living-thing
move book (pride and prejudice) to red box,False,132,3,Your task is to find a(n) non-living thing,task-3-find-non-living-thing
