action,landmark,variation,order,goal,task_id
open door to kitchen,False,134,0,Your task is to find a(n) non-living thing,task-3-find-non-living-thing
go to kitchen,False,134,1,Your task is to find a(n) non-living thing,task-3-find-non-living-thing
open door to hallway,False,134,2,Your task is to find a(n) non-living thing,task-3-find-non-living-thing
go to hallway,False,134,3,Your task is to find a(n) non-living thing,task-3-find-non-living-thing
open door to living room,False,134,4,Your task is to find a(n) non-living thing,task-3-find-non-living-thing
go to living room,False,134,5,Your task is to find a(n) non-living thing,task-3-find-non-living-thing
focus on book (the foundations of the origin of species),False,134,6,Your task is to find a(n) non-living thing,task-3-find-non-living-thing
move book (the foundations of the origin of species) to blue box,False,134,7,Your task is to find a(n) non-living thing,task-3-find-non-living-thing
