action,landmark,variation,order,goal,task_id
open door to hallway,False,135,0,Your task is to find a(n) non-living thing,task-3-find-non-living-thing
go to hallway,False,135,1,Your task is to find a(n) non-living thing,task-3-find-non-living-thing
open door to living room,False,135,2,Your task is to find a(n) non-living thing,task-3-find-non-living-thing
go to living room,False,135,3,Your task is to find a(n) non-living thing,task-3-find-non-living-thing
focus on drawing,False,135,4,Your task is to find a(n) non-living thing,task-3-find-non-living-thing
move drawing to orange box,False,135,5,Your task is to find a(n) non-living thing,task-3-find-non-living-thing
