action,landmark,variation,order,goal,task_id
open door to hallway,False,136,0,Your task is to find a(n) non-living thing,task-3-find-non-living-thing
go to hallway,False,136,1,Your task is to find a(n) non-living thing,task-3-find-non-living-thing
open door to living room,False,136,2,Your task is to find a(n) non-living thing,task-3-find-non-living-thing
go to living room,False,136,3,Your task is to find a(n) non-living thing,task-3-find-non-living-thing
focus on object,False,136,4,Your task is to find a(n) non-living thing,task-3-find-non-living-thing
move object to yellow box,False,136,5,Your task is to find a(n) non-living thing,task-3-find-non-living-thing
