action,landmark,variation,order,goal,task_id
open door to hallway,False,138,0,Your task is to find a(n) non-living thing,task-3-find-non-living-thing
go to hallway,False,138,1,Your task is to find a(n) non-living thing,task-3-find-non-living-thing
open door to bedroom,False,138,2,Your task is to find a(n) non-living thing,task-3-find-non-living-thing
go to bedroom,False,138,3,Your task is to find a(n) non-living thing,task-3-find-non-living-thing
focus on bed,False,138,4,Your task is to find a(n) non-living thing,task-3-find-non-living-thing
move bed to red box,False,138,5,Your task is to find a(n) non-living thing,task-3-find-non-living-thing
