action,landmark,variation,order,goal,task_id
open door to hallway,False,14,0,Your task is to find a(n) non-living thing,task-3-find-non-living-thing
go to hallway,False,14,1,Your task is to find a(n) non-living thing,task-3-find-non-living-thing
open door to living room,False,14,2,Your task is to find a(n) non-living thing,task-3-find-non-living-thing
go to living room,False,14,3,Your task is to find a(n) non-living thing,task-3-find-non-living-thing
focus on desk,False,14,4,Your task is to find a(n) non-living thing,task-3-find-non-living-thing
move desk to blue box,False,14,5,Your task is to find a(n) non-living thing,task-3-find-non-living-thing
