action,landmark,variation,order,goal,task_id
open door to hallway,False,140,0,Your task is to find a(n) non-living thing,task-3-find-non-living-thing
go to hallway,False,140,1,Your task is to find a(n) non-living thing,task-3-find-non-living-thing
open door to bedroom,False,140,2,Your task is to find a(n) non-living thing,task-3-find-non-living-thing
go to bedroom,False,140,3,Your task is to find a(n) non-living thing,task-3-find-non-living-thing
focus on table,False,140,4,Your task is to find a(n) non-living thing,task-3-find-non-living-thing
move table to blue box,False,140,5,Your task is to find a(n) non-living thing,task-3-find-non-living-thing
