action,landmark,variation,order,goal,task_id
open door to kitchen,False,144,0,Your task is to find a(n) non-living thing,task-3-find-non-living-thing
go to kitchen,False,144,1,Your task is to find a(n) non-living thing,task-3-find-non-living-thing
open door to hallway,False,144,2,Your task is to find a(n) non-living thing,task-3-find-non-living-thing
go to hallway,False,144,3,Your task is to find a(n) non-living thing,task-3-find-non-living-thing
open door to workshop,False,144,4,Your task is to find a(n) non-living thing,task-3-find-non-living-thing
go to workshop,False,144,5,Your task is to find a(n) non-living thing,task-3-find-non-living-thing
focus on table,False,144,6,Your task is to find a(n) non-living thing,task-3-find-non-living-thing
move table to red box,False,144,7,Your task is to find a(n) non-living thing,task-3-find-non-living-thing
