action,landmark,variation,order,goal,task_id
open door to hallway,False,147,0,Your task is to find a(n) non-living thing,task-3-find-non-living-thing
go to hallway,False,147,1,Your task is to find a(n) non-living thing,task-3-find-non-living-thing
open door to workshop,False,147,2,Your task is to find a(n) non-living thing,task-3-find-non-living-thing
go to workshop,False,147,3,Your task is to find a(n) non-living thing,task-3-find-non-living-thing
focus on table,False,147,4,Your task is to find a(n) non-living thing,task-3-find-non-living-thing
move table to orange box,False,147,5,Your task is to find a(n) non-living thing,task-3-find-non-living-thing
