action,landmark,variation,order,goal,task_id
open door to hallway,False,148,0,Your task is to find a(n) non-living thing,task-3-find-non-living-thing
go to hallway,False,148,1,Your task is to find a(n) non-living thing,task-3-find-non-living-thing
open door to workshop,False,148,2,Your task is to find a(n) non-living thing,task-3-find-non-living-thing
go to workshop,False,148,3,Your task is to find a(n) non-living thing,task-3-find-non-living-thing
focus on orange wire,False,148,4,Your task is to find a(n) non-living thing,task-3-find-non-living-thing
move orange wire to yellow box,False,148,5,Your task is to find a(n) non-living thing,task-3-find-non-living-thing
