action,landmark,variation,order,goal,task_id
open door to outside,False,152,0,Your task is to find a(n) non-living thing,task-3-find-non-living-thing
go to outside,False,152,1,Your task is to find a(n) non-living thing,task-3-find-non-living-thing
open door to kitchen,False,152,2,Your task is to find a(n) non-living thing,task-3-find-non-living-thing
go to kitchen,False,152,3,Your task is to find a(n) non-living thing,task-3-find-non-living-thing
focus on drawer in counter,False,152,4,Your task is to find a(n) non-living thing,task-3-find-non-living-thing
move drawer in counter to blue box,False,152,5,Your task is to find a(n) non-living thing,task-3-find-non-living-thing
