action,landmark,variation,order,goal,task_id
open door to outside,False,154,0,Your task is to find a(n) non-living thing,task-3-find-non-living-thing
go to outside,False,154,1,Your task is to find a(n) non-living thing,task-3-find-non-living-thing
open door to kitchen,False,154,2,Your task is to find a(n) non-living thing,task-3-find-non-living-thing
go to kitchen,False,154,3,Your task is to find a(n) non-living thing,task-3-find-non-living-thing
focus on painting,False,154,4,Your task is to find a(n) non-living thing,task-3-find-non-living-thing
move painting to yellow box,False,154,5,Your task is to find a(n) non-living thing,task-3-find-non-living-thing
