action,landmark,variation,order,goal,task_id
open door to hallway,False,155,0,Your task is to find a(n) non-living thing,task-3-find-non-living-thing
go to hallway,False,155,1,Your task is to find a(n) non-living thing,task-3-find-non-living-thing
open door to kitchen,False,155,2,Your task is to find a(n) non-living thing,task-3-find-non-living-thing
go to kitchen,False,155,3,Your task is to find a(n) non-living thing,task-3-find-non-living-thing
focus on bowl,False,155,4,Your task is to find a(n) non-living thing,task-3-find-non-living-thing
move bowl to purple box,False,155,5,Your task is to find a(n) non-living thing,task-3-find-non-living-thing
