action,landmark,variation,order,goal,task_id
open door to hallway,False,156,0,Your task is to find a(n) non-living thing,task-3-find-non-living-thing
go to hallway,False,156,1,Your task is to find a(n) non-living thing,task-3-find-non-living-thing
open door to kitchen,False,156,2,Your task is to find a(n) non-living thing,task-3-find-non-living-thing
go to kitchen,False,156,3,Your task is to find a(n) non-living thing,task-3-find-non-living-thing
open door to bathroom,False,156,4,Your task is to find a(n) non-living thing,task-3-find-non-living-thing
go to bathroom,False,156,5,Your task is to find a(n) non-living thing,task-3-find-non-living-thing
focus on finger painting,False,156,6,Your task is to find a(n) non-living thing,task-3-find-non-living-thing
move finger painting to red box,False,156,7,Your task is to find a(n) non-living thing,task-3-find-non-living-thing
