action,landmark,variation,order,goal,task_id
open door to hallway,False,157,0,Your task is to find a(n) non-living thing,task-3-find-non-living-thing
go to hallway,False,157,1,Your task is to find a(n) non-living thing,task-3-find-non-living-thing
open door to kitchen,False,157,2,Your task is to find a(n) non-living thing,task-3-find-non-living-thing
go to kitchen,False,157,3,Your task is to find a(n) non-living thing,task-3-find-non-living-thing
open door to bathroom,False,157,4,Your task is to find a(n) non-living thing,task-3-find-non-living-thing
go to bathroom,False,157,5,Your task is to find a(n) non-living thing,task-3-find-non-living-thing
focus on cup,False,157,6,Your task is to find a(n) non-living thing,task-3-find-non-living-thing
move cup to green box,False,157,7,Your task is to find a(n) non-living thing,task-3-find-non-living-thing
