action,landmark,variation,order,goal,task_id
open door to hallway,False,158,0,Your task is to find a(n) non-living thing,task-3-find-non-living-thing
go to hallway,False,158,1,Your task is to find a(n) non-living thing,task-3-find-non-living-thing
open door to kitchen,False,158,2,Your task is to find a(n) non-living thing,task-3-find-non-living-thing
go to kitchen,False,158,3,Your task is to find a(n) non-living thing,task-3-find-non-living-thing
open door to bathroom,False,158,4,Your task is to find a(n) non-living thing,task-3-find-non-living-thing
go to bathroom,False,158,5,Your task is to find a(n) non-living thing,task-3-find-non-living-thing
focus on cup,False,158,6,Your task is to find a(n) non-living thing,task-3-find-non-living-thing
move cup to blue box,False,158,7,Your task is to find a(n) non-living thing,task-3-find-non-living-thing
