action,landmark,variation,order,goal,task_id
open door to hallway,False,159,0,Your task is to find a(n) non-living thing,task-3-find-non-living-thing
go to hallway,False,159,1,Your task is to find a(n) non-living thing,task-3-find-non-living-thing
open door to kitchen,False,159,2,Your task is to find a(n) non-living thing,task-3-find-non-living-thing
go to kitchen,False,159,3,Your task is to find a(n) non-living thing,task-3-find-non-living-thing
open door to bathroom,False,159,4,Your task is to find a(n) non-living thing,task-3-find-non-living-thing
go to bathroom,False,159,5,Your task is to find a(n) non-living thing,task-3-find-non-living-thing
focus on picture,False,159,6,Your task is to find a(n) non-living thing,task-3-find-non-living-thing
move picture to orange box,False,159,7,Your task is to find a(n) non-living thing,task-3-find-non-living-thing
