action,landmark,variation,order,goal,task_id
open door to green house,False,16,0,Your task is to find a(n) non-living thing,task-3-find-non-living-thing
go to green house,False,16,1,Your task is to find a(n) non-living thing,task-3-find-non-living-thing
open door to hallway,False,16,2,Your task is to find a(n) non-living thing,task-3-find-non-living-thing
go to hallway,False,16,3,Your task is to find a(n) non-living thing,task-3-find-non-living-thing
open door to living room,False,16,4,Your task is to find a(n) non-living thing,task-3-find-non-living-thing
go to living room,False,16,5,Your task is to find a(n) non-living thing,task-3-find-non-living-thing
focus on object,False,16,6,Your task is to find a(n) non-living thing,task-3-find-non-living-thing
move object to yellow box,False,16,7,Your task is to find a(n) non-living thing,task-3-find-non-living-thing
