action,landmark,variation,order,goal,task_id
open door to hallway,False,161,0,Your task is to find a(n) non-living thing,task-3-find-non-living-thing
go to hallway,False,161,1,Your task is to find a(n) non-living thing,task-3-find-non-living-thing
open door to kitchen,False,161,2,Your task is to find a(n) non-living thing,task-3-find-non-living-thing
go to kitchen,False,161,3,Your task is to find a(n) non-living thing,task-3-find-non-living-thing
open door to bathroom,False,161,4,Your task is to find a(n) non-living thing,task-3-find-non-living-thing
go to bathroom,False,161,5,Your task is to find a(n) non-living thing,task-3-find-non-living-thing
focus on painting,False,161,6,Your task is to find a(n) non-living thing,task-3-find-non-living-thing
move painting to purple box,False,161,7,Your task is to find a(n) non-living thing,task-3-find-non-living-thing
