action,landmark,variation,order,goal,task_id
open door to hallway,False,162,0,Your task is to find a(n) non-living thing,task-3-find-non-living-thing
go to hallway,False,162,1,Your task is to find a(n) non-living thing,task-3-find-non-living-thing
open door to living room,False,162,2,Your task is to find a(n) non-living thing,task-3-find-non-living-thing
go to living room,False,162,3,Your task is to find a(n) non-living thing,task-3-find-non-living-thing
focus on object,False,162,4,Your task is to find a(n) non-living thing,task-3-find-non-living-thing
move object to red box,False,162,5,Your task is to find a(n) non-living thing,task-3-find-non-living-thing
