action,landmark,variation,order,goal,task_id
open door to green house,False,165,0,Your task is to find a(n) non-living thing,task-3-find-non-living-thing
go to green house,False,165,1,Your task is to find a(n) non-living thing,task-3-find-non-living-thing
open door to hallway,False,165,2,Your task is to find a(n) non-living thing,task-3-find-non-living-thing
go to hallway,False,165,3,Your task is to find a(n) non-living thing,task-3-find-non-living-thing
open door to living room,False,165,4,Your task is to find a(n) non-living thing,task-3-find-non-living-thing
go to living room,False,165,5,Your task is to find a(n) non-living thing,task-3-find-non-living-thing
focus on chair,False,165,6,Your task is to find a(n) non-living thing,task-3-find-non-living-thing
move chair to orange box,False,165,7,Your task is to find a(n) non-living thing,task-3-find-non-living-thing
