action,landmark,variation,order,goal,task_id
open door to hallway,False,166,0,Your task is to find a(n) non-living thing,task-3-find-non-living-thing
go to hallway,False,166,1,Your task is to find a(n) non-living thing,task-3-find-non-living-thing
open door to living room,False,166,2,Your task is to find a(n) non-living thing,task-3-find-non-living-thing
go to living room,False,166,3,Your task is to find a(n) non-living thing,task-3-find-non-living-thing
focus on chair,False,166,4,Your task is to find a(n) non-living thing,task-3-find-non-living-thing
move chair to yellow box,False,166,5,Your task is to find a(n) non-living thing,task-3-find-non-living-thing
