action,landmark,variation,order,goal,task_id
open door to green house,False,168,0,Your task is to find a(n) non-living thing,task-3-find-non-living-thing
go to green house,False,168,1,Your task is to find a(n) non-living thing,task-3-find-non-living-thing
open door to hallway,False,168,2,Your task is to find a(n) non-living thing,task-3-find-non-living-thing
go to hallway,False,168,3,Your task is to find a(n) non-living thing,task-3-find-non-living-thing
open door to bedroom,False,168,4,Your task is to find a(n) non-living thing,task-3-find-non-living-thing
go to bedroom,False,168,5,Your task is to find a(n) non-living thing,task-3-find-non-living-thing
focus on picture,False,168,6,Your task is to find a(n) non-living thing,task-3-find-non-living-thing
move picture to red box,False,168,7,Your task is to find a(n) non-living thing,task-3-find-non-living-thing
