action,landmark,variation,order,goal,task_id
open door to kitchen,False,17,0,Your task is to find a(n) non-living thing,task-3-find-non-living-thing
go to kitchen,False,17,1,Your task is to find a(n) non-living thing,task-3-find-non-living-thing
open door to hallway,False,17,2,Your task is to find a(n) non-living thing,task-3-find-non-living-thing
go to hallway,False,17,3,Your task is to find a(n) non-living thing,task-3-find-non-living-thing
open door to living room,False,17,4,Your task is to find a(n) non-living thing,task-3-find-non-living-thing
go to living room,False,17,5,Your task is to find a(n) non-living thing,task-3-find-non-living-thing
focus on cloth sittable,False,17,6,Your task is to find a(n) non-living thing,task-3-find-non-living-thing
move cloth sittable to purple box,False,17,7,Your task is to find a(n) non-living thing,task-3-find-non-living-thing
