action,landmark,variation,order,goal,task_id
open door to hallway,False,170,0,Your task is to find a(n) non-living thing,task-3-find-non-living-thing
go to hallway,False,170,1,Your task is to find a(n) non-living thing,task-3-find-non-living-thing
open door to bedroom,False,170,2,Your task is to find a(n) non-living thing,task-3-find-non-living-thing
go to bedroom,False,170,3,Your task is to find a(n) non-living thing,task-3-find-non-living-thing
focus on table,False,170,4,Your task is to find a(n) non-living thing,task-3-find-non-living-thing
move table to blue box,False,170,5,Your task is to find a(n) non-living thing,task-3-find-non-living-thing
