action,landmark,variation,order,goal,task_id
open door to hallway,False,171,0,Your task is to find a(n) non-living thing,task-3-find-non-living-thing
go to hallway,False,171,1,Your task is to find a(n) non-living thing,task-3-find-non-living-thing
open door to bedroom,False,171,2,Your task is to find a(n) non-living thing,task-3-find-non-living-thing
go to bedroom,False,171,3,Your task is to find a(n) non-living thing,task-3-find-non-living-thing
focus on table,False,171,4,Your task is to find a(n) non-living thing,task-3-find-non-living-thing
move table to orange box,False,171,5,Your task is to find a(n) non-living thing,task-3-find-non-living-thing
