action,landmark,variation,order,goal,task_id
open door to hallway,False,172,0,Your task is to find a(n) non-living thing,task-3-find-non-living-thing
go to hallway,False,172,1,Your task is to find a(n) non-living thing,task-3-find-non-living-thing
open door to bedroom,False,172,2,Your task is to find a(n) non-living thing,task-3-find-non-living-thing
go to bedroom,False,172,3,Your task is to find a(n) non-living thing,task-3-find-non-living-thing
focus on finger painting,False,172,4,Your task is to find a(n) non-living thing,task-3-find-non-living-thing
move finger painting to yellow box,False,172,5,Your task is to find a(n) non-living thing,task-3-find-non-living-thing
