action,landmark,variation,order,goal,task_id
open door to hallway,False,175,0,Your task is to find a(n) non-living thing,task-3-find-non-living-thing
go to hallway,False,175,1,Your task is to find a(n) non-living thing,task-3-find-non-living-thing
open door to workshop,False,175,2,Your task is to find a(n) non-living thing,task-3-find-non-living-thing
go to workshop,False,175,3,Your task is to find a(n) non-living thing,task-3-find-non-living-thing
focus on table,False,175,4,Your task is to find a(n) non-living thing,task-3-find-non-living-thing
move table to green box,False,175,5,Your task is to find a(n) non-living thing,task-3-find-non-living-thing
