action,landmark,variation,order,goal,task_id
open door to kitchen,False,176,0,Your task is to find a(n) non-living thing,task-3-find-non-living-thing
go to kitchen,False,176,1,Your task is to find a(n) non-living thing,task-3-find-non-living-thing
open door to hallway,False,176,2,Your task is to find a(n) non-living thing,task-3-find-non-living-thing
go to hallway,False,176,3,Your task is to find a(n) non-living thing,task-3-find-non-living-thing
open door to workshop,False,176,4,Your task is to find a(n) non-living thing,task-3-find-non-living-thing
go to workshop,False,176,5,Your task is to find a(n) non-living thing,task-3-find-non-living-thing
focus on yellow wire,False,176,6,Your task is to find a(n) non-living thing,task-3-find-non-living-thing
move yellow wire to blue box,False,176,7,Your task is to find a(n) non-living thing,task-3-find-non-living-thing
