action,landmark,variation,order,goal,task_id
open door to hallway,False,178,0,Your task is to find a(n) non-living thing,task-3-find-non-living-thing
go to hallway,False,178,1,Your task is to find a(n) non-living thing,task-3-find-non-living-thing
open door to workshop,False,178,2,Your task is to find a(n) non-living thing,task-3-find-non-living-thing
go to workshop,False,178,3,Your task is to find a(n) non-living thing,task-3-find-non-living-thing
focus on yellow wire,False,178,4,Your task is to find a(n) non-living thing,task-3-find-non-living-thing
move yellow wire to yellow box,False,178,5,Your task is to find a(n) non-living thing,task-3-find-non-living-thing
