action,landmark,variation,order,goal,task_id
open door to hallway,False,179,0,Your task is to find a(n) non-living thing,task-3-find-non-living-thing
go to hallway,False,179,1,Your task is to find a(n) non-living thing,task-3-find-non-living-thing
open door to workshop,False,179,2,Your task is to find a(n) non-living thing,task-3-find-non-living-thing
go to workshop,False,179,3,Your task is to find a(n) non-living thing,task-3-find-non-living-thing
focus on table,False,179,4,Your task is to find a(n) non-living thing,task-3-find-non-living-thing
move table to purple box,False,179,5,Your task is to find a(n) non-living thing,task-3-find-non-living-thing
