action,landmark,variation,order,goal,task_id
open door to hallway,False,180,0,Your task is to find a(n) non-living thing,task-3-find-non-living-thing
go to hallway,False,180,1,Your task is to find a(n) non-living thing,task-3-find-non-living-thing
open door to kitchen,False,180,2,Your task is to find a(n) non-living thing,task-3-find-non-living-thing
go to kitchen,False,180,3,Your task is to find a(n) non-living thing,task-3-find-non-living-thing
focus on chair,False,180,4,Your task is to find a(n) non-living thing,task-3-find-non-living-thing
move chair to red box,False,180,5,Your task is to find a(n) non-living thing,task-3-find-non-living-thing
