action,landmark,variation,order,goal,task_id
open door to hallway,False,181,0,Your task is to find a(n) non-living thing,task-3-find-non-living-thing
go to hallway,False,181,1,Your task is to find a(n) non-living thing,task-3-find-non-living-thing
open door to kitchen,False,181,2,Your task is to find a(n) non-living thing,task-3-find-non-living-thing
go to kitchen,False,181,3,Your task is to find a(n) non-living thing,task-3-find-non-living-thing
focus on chair,False,181,4,Your task is to find a(n) non-living thing,task-3-find-non-living-thing
move chair to green box,False,181,5,Your task is to find a(n) non-living thing,task-3-find-non-living-thing
