action,landmark,variation,order,goal,task_id
open door to hallway,False,183,0,Your task is to find a(n) non-living thing,task-3-find-non-living-thing
go to hallway,False,183,1,Your task is to find a(n) non-living thing,task-3-find-non-living-thing
open door to kitchen,False,183,2,Your task is to find a(n) non-living thing,task-3-find-non-living-thing
go to kitchen,False,183,3,Your task is to find a(n) non-living thing,task-3-find-non-living-thing
focus on soap,False,183,4,Your task is to find a(n) non-living thing,task-3-find-non-living-thing
move soap to orange box,False,183,5,Your task is to find a(n) non-living thing,task-3-find-non-living-thing
