action,landmark,variation,order,goal,task_id
open door to hallway,False,184,0,Your task is to find a(n) non-living thing,task-3-find-non-living-thing
go to hallway,False,184,1,Your task is to find a(n) non-living thing,task-3-find-non-living-thing
open door to kitchen,False,184,2,Your task is to find a(n) non-living thing,task-3-find-non-living-thing
go to kitchen,False,184,3,Your task is to find a(n) non-living thing,task-3-find-non-living-thing
focus on table,False,184,4,Your task is to find a(n) non-living thing,task-3-find-non-living-thing
move table to yellow box,False,184,5,Your task is to find a(n) non-living thing,task-3-find-non-living-thing
