action,landmark,variation,order,goal,task_id
open door to hallway,False,185,0,Your task is to find a(n) non-living thing,task-3-find-non-living-thing
go to hallway,False,185,1,Your task is to find a(n) non-living thing,task-3-find-non-living-thing
open door to kitchen,False,185,2,Your task is to find a(n) non-living thing,task-3-find-non-living-thing
go to kitchen,False,185,3,Your task is to find a(n) non-living thing,task-3-find-non-living-thing
focus on soap,False,185,4,Your task is to find a(n) non-living thing,task-3-find-non-living-thing
move soap to purple box,False,185,5,Your task is to find a(n) non-living thing,task-3-find-non-living-thing
