action,landmark,variation,order,goal,task_id
open door to hallway,False,186,0,Your task is to find a(n) non-living thing,task-3-find-non-living-thing
go to hallway,False,186,1,Your task is to find a(n) non-living thing,task-3-find-non-living-thing
open door to kitchen,False,186,2,Your task is to find a(n) non-living thing,task-3-find-non-living-thing
go to kitchen,False,186,3,Your task is to find a(n) non-living thing,task-3-find-non-living-thing
open door to bathroom,False,186,4,Your task is to find a(n) non-living thing,task-3-find-non-living-thing
go to bathroom,False,186,5,Your task is to find a(n) non-living thing,task-3-find-non-living-thing
focus on painting,False,186,6,Your task is to find a(n) non-living thing,task-3-find-non-living-thing
move painting to red box,False,186,7,Your task is to find a(n) non-living thing,task-3-find-non-living-thing
