action,landmark,variation,order,goal,task_id
open door to outside,False,188,0,Your task is to find a(n) non-living thing,task-3-find-non-living-thing
go to outside,False,188,1,Your task is to find a(n) non-living thing,task-3-find-non-living-thing
open door to kitchen,False,188,2,Your task is to find a(n) non-living thing,task-3-find-non-living-thing
go to kitchen,False,188,3,Your task is to find a(n) non-living thing,task-3-find-non-living-thing
open door to bathroom,False,188,4,Your task is to find a(n) non-living thing,task-3-find-non-living-thing
go to bathroom,False,188,5,Your task is to find a(n) non-living thing,task-3-find-non-living-thing
focus on picture,False,188,6,Your task is to find a(n) non-living thing,task-3-find-non-living-thing
move picture to blue box,False,188,7,Your task is to find a(n) non-living thing,task-3-find-non-living-thing
