action,landmark,variation,order,goal,task_id
open door to hallway,False,189,0,Your task is to find a(n) non-living thing,task-3-find-non-living-thing
go to hallway,False,189,1,Your task is to find a(n) non-living thing,task-3-find-non-living-thing
open door to kitchen,False,189,2,Your task is to find a(n) non-living thing,task-3-find-non-living-thing
go to kitchen,False,189,3,Your task is to find a(n) non-living thing,task-3-find-non-living-thing
open door to bathroom,False,189,4,Your task is to find a(n) non-living thing,task-3-find-non-living-thing
go to bathroom,False,189,5,Your task is to find a(n) non-living thing,task-3-find-non-living-thing
focus on cup,False,189,6,Your task is to find a(n) non-living thing,task-3-find-non-living-thing
move cup to orange box,False,189,7,Your task is to find a(n) non-living thing,task-3-find-non-living-thing
