action,landmark,variation,order,goal,task_id
open door to hallway,False,19,0,Your task is to find a(n) non-living thing,task-3-find-non-living-thing
go to hallway,False,19,1,Your task is to find a(n) non-living thing,task-3-find-non-living-thing
open door to bedroom,False,19,2,Your task is to find a(n) non-living thing,task-3-find-non-living-thing
go to bedroom,False,19,3,Your task is to find a(n) non-living thing,task-3-find-non-living-thing
focus on object,False,19,4,Your task is to find a(n) non-living thing,task-3-find-non-living-thing
move object to green box,False,19,5,Your task is to find a(n) non-living thing,task-3-find-non-living-thing
