action,landmark,variation,order,goal,task_id
open door to kitchen,False,191,0,Your task is to find a(n) non-living thing,task-3-find-non-living-thing
go to kitchen,False,191,1,Your task is to find a(n) non-living thing,task-3-find-non-living-thing
open door to bathroom,False,191,2,Your task is to find a(n) non-living thing,task-3-find-non-living-thing
go to bathroom,False,191,3,Your task is to find a(n) non-living thing,task-3-find-non-living-thing
focus on cup,False,191,4,Your task is to find a(n) non-living thing,task-3-find-non-living-thing
move cup to purple box,False,191,5,Your task is to find a(n) non-living thing,task-3-find-non-living-thing
