action,landmark,variation,order,goal,task_id
open door to hallway,False,193,0,Your task is to find a(n) non-living thing,task-3-find-non-living-thing
go to hallway,False,193,1,Your task is to find a(n) non-living thing,task-3-find-non-living-thing
open door to living room,False,193,2,Your task is to find a(n) non-living thing,task-3-find-non-living-thing
go to living room,False,193,3,Your task is to find a(n) non-living thing,task-3-find-non-living-thing
focus on book shelf,False,193,4,Your task is to find a(n) non-living thing,task-3-find-non-living-thing
move book shelf to green box,False,193,5,Your task is to find a(n) non-living thing,task-3-find-non-living-thing
