action,landmark,variation,order,goal,task_id
open door to hallway,False,195,0,Your task is to find a(n) non-living thing,task-3-find-non-living-thing
go to hallway,False,195,1,Your task is to find a(n) non-living thing,task-3-find-non-living-thing
open door to living room,False,195,2,Your task is to find a(n) non-living thing,task-3-find-non-living-thing
go to living room,False,195,3,Your task is to find a(n) non-living thing,task-3-find-non-living-thing
focus on cloth sittable,False,195,4,Your task is to find a(n) non-living thing,task-3-find-non-living-thing
move cloth sittable to orange box,False,195,5,Your task is to find a(n) non-living thing,task-3-find-non-living-thing
