action,landmark,variation,order,goal,task_id
open door to green house,False,196,0,Your task is to find a(n) non-living thing,task-3-find-non-living-thing
go to green house,False,196,1,Your task is to find a(n) non-living thing,task-3-find-non-living-thing
open door to hallway,False,196,2,Your task is to find a(n) non-living thing,task-3-find-non-living-thing
go to hallway,False,196,3,Your task is to find a(n) non-living thing,task-3-find-non-living-thing
open door to living room,False,196,4,Your task is to find a(n) non-living thing,task-3-find-non-living-thing
go to living room,False,196,5,Your task is to find a(n) non-living thing,task-3-find-non-living-thing
focus on chair,False,196,6,Your task is to find a(n) non-living thing,task-3-find-non-living-thing
move chair to yellow box,False,196,7,Your task is to find a(n) non-living thing,task-3-find-non-living-thing
