action,landmark,variation,order,goal,task_id
open door to hallway,False,198,0,Your task is to find a(n) non-living thing,task-3-find-non-living-thing
go to hallway,False,198,1,Your task is to find a(n) non-living thing,task-3-find-non-living-thing
open door to bedroom,False,198,2,Your task is to find a(n) non-living thing,task-3-find-non-living-thing
go to bedroom,False,198,3,Your task is to find a(n) non-living thing,task-3-find-non-living-thing
focus on bed,False,198,4,Your task is to find a(n) non-living thing,task-3-find-non-living-thing
move bed to red box,False,198,5,Your task is to find a(n) non-living thing,task-3-find-non-living-thing
