action,landmark,variation,order,goal,task_id
open door to hallway,False,199,0,Your task is to find a(n) non-living thing,task-3-find-non-living-thing
go to hallway,False,199,1,Your task is to find a(n) non-living thing,task-3-find-non-living-thing
open door to bedroom,False,199,2,Your task is to find a(n) non-living thing,task-3-find-non-living-thing
go to bedroom,False,199,3,Your task is to find a(n) non-living thing,task-3-find-non-living-thing
focus on picture,False,199,4,Your task is to find a(n) non-living thing,task-3-find-non-living-thing
move picture to green box,False,199,5,Your task is to find a(n) non-living thing,task-3-find-non-living-thing
