action,landmark,variation,order,goal,task_id
open door to kitchen,False,201,0,Your task is to find a(n) non-living thing,task-3-find-non-living-thing
go to kitchen,False,201,1,Your task is to find a(n) non-living thing,task-3-find-non-living-thing
open door to hallway,False,201,2,Your task is to find a(n) non-living thing,task-3-find-non-living-thing
go to hallway,False,201,3,Your task is to find a(n) non-living thing,task-3-find-non-living-thing
open door to bedroom,False,201,4,Your task is to find a(n) non-living thing,task-3-find-non-living-thing
go to bedroom,False,201,5,Your task is to find a(n) non-living thing,task-3-find-non-living-thing
focus on table,False,201,6,Your task is to find a(n) non-living thing,task-3-find-non-living-thing
move table to orange box,False,201,7,Your task is to find a(n) non-living thing,task-3-find-non-living-thing
