action,landmark,variation,order,goal,task_id
open door to hallway,False,205,0,Your task is to find a(n) non-living thing,task-3-find-non-living-thing
go to hallway,False,205,1,Your task is to find a(n) non-living thing,task-3-find-non-living-thing
open door to workshop,False,205,2,Your task is to find a(n) non-living thing,task-3-find-non-living-thing
go to workshop,False,205,3,Your task is to find a(n) non-living thing,task-3-find-non-living-thing
focus on black wire,False,205,4,Your task is to find a(n) non-living thing,task-3-find-non-living-thing
move black wire to green box,False,205,5,Your task is to find a(n) non-living thing,task-3-find-non-living-thing
