action,landmark,variation,order,goal,task_id
open door to kitchen,False,208,0,Your task is to find a(n) non-living thing,task-3-find-non-living-thing
go to kitchen,False,208,1,Your task is to find a(n) non-living thing,task-3-find-non-living-thing
open door to hallway,False,208,2,Your task is to find a(n) non-living thing,task-3-find-non-living-thing
go to hallway,False,208,3,Your task is to find a(n) non-living thing,task-3-find-non-living-thing
open door to workshop,False,208,4,Your task is to find a(n) non-living thing,task-3-find-non-living-thing
go to workshop,False,208,5,Your task is to find a(n) non-living thing,task-3-find-non-living-thing
focus on red wire,False,208,6,Your task is to find a(n) non-living thing,task-3-find-non-living-thing
move red wire to yellow box,False,208,7,Your task is to find a(n) non-living thing,task-3-find-non-living-thing
