action,landmark,variation,order,goal,task_id
open door to kitchen,False,21,0,Your task is to find a(n) non-living thing,task-3-find-non-living-thing
go to kitchen,False,21,1,Your task is to find a(n) non-living thing,task-3-find-non-living-thing
open door to hallway,False,21,2,Your task is to find a(n) non-living thing,task-3-find-non-living-thing
go to hallway,False,21,3,Your task is to find a(n) non-living thing,task-3-find-non-living-thing
open door to bedroom,False,21,4,Your task is to find a(n) non-living thing,task-3-find-non-living-thing
go to bedroom,False,21,5,Your task is to find a(n) non-living thing,task-3-find-non-living-thing
focus on bed,False,21,6,Your task is to find a(n) non-living thing,task-3-find-non-living-thing
move bed to orange box,False,21,7,Your task is to find a(n) non-living thing,task-3-find-non-living-thing
