action,landmark,variation,order,goal,task_id
open door to hallway,False,210,0,Your task is to find a(n) non-living thing,task-3-find-non-living-thing
go to hallway,False,210,1,Your task is to find a(n) non-living thing,task-3-find-non-living-thing
open door to kitchen,False,210,2,Your task is to find a(n) non-living thing,task-3-find-non-living-thing
go to kitchen,False,210,3,Your task is to find a(n) non-living thing,task-3-find-non-living-thing
focus on cupboard,False,210,4,Your task is to find a(n) non-living thing,task-3-find-non-living-thing
move cupboard to red box,False,210,5,Your task is to find a(n) non-living thing,task-3-find-non-living-thing
