action,landmark,variation,order,goal,task_id
open door to outside,False,213,0,Your task is to find a(n) non-living thing,task-3-find-non-living-thing
go to outside,False,213,1,Your task is to find a(n) non-living thing,task-3-find-non-living-thing
open door to kitchen,False,213,2,Your task is to find a(n) non-living thing,task-3-find-non-living-thing
go to kitchen,False,213,3,Your task is to find a(n) non-living thing,task-3-find-non-living-thing
focus on cup containing nothing in table,False,213,4,Your task is to find a(n) non-living thing,task-3-find-non-living-thing
move cup containing nothing in table to orange box,False,213,5,Your task is to find a(n) non-living thing,task-3-find-non-living-thing
