action,landmark,variation,order,goal,task_id
open door to hallway,False,214,0,Your task is to find a(n) non-living thing,task-3-find-non-living-thing
go to hallway,False,214,1,Your task is to find a(n) non-living thing,task-3-find-non-living-thing
open door to kitchen,False,214,2,Your task is to find a(n) non-living thing,task-3-find-non-living-thing
go to kitchen,False,214,3,Your task is to find a(n) non-living thing,task-3-find-non-living-thing
focus on painting,False,214,4,Your task is to find a(n) non-living thing,task-3-find-non-living-thing
move painting to yellow box,False,214,5,Your task is to find a(n) non-living thing,task-3-find-non-living-thing
