action,landmark,variation,order,goal,task_id
open door to kitchen,False,219,0,Your task is to find a(n) non-living thing,task-3-find-non-living-thing
go to kitchen,False,219,1,Your task is to find a(n) non-living thing,task-3-find-non-living-thing
open door to bathroom,False,219,2,Your task is to find a(n) non-living thing,task-3-find-non-living-thing
go to bathroom,False,219,3,Your task is to find a(n) non-living thing,task-3-find-non-living-thing
focus on picture,False,219,4,Your task is to find a(n) non-living thing,task-3-find-non-living-thing
move picture to orange box,False,219,5,Your task is to find a(n) non-living thing,task-3-find-non-living-thing
