action,landmark,variation,order,goal,task_id
open door to hallway,False,22,0,Your task is to find a(n) non-living thing,task-3-find-non-living-thing
go to hallway,False,22,1,Your task is to find a(n) non-living thing,task-3-find-non-living-thing
open door to bedroom,False,22,2,Your task is to find a(n) non-living thing,task-3-find-non-living-thing
go to bedroom,False,22,3,Your task is to find a(n) non-living thing,task-3-find-non-living-thing
focus on book (sherlock holmes),False,22,4,Your task is to find a(n) non-living thing,task-3-find-non-living-thing
move book (sherlock holmes) to yellow box,False,22,5,Your task is to find a(n) non-living thing,task-3-find-non-living-thing
