action,landmark,variation,order,goal,task_id
open door to outside,False,221,0,Your task is to find a(n) non-living thing,task-3-find-non-living-thing
go to outside,False,221,1,Your task is to find a(n) non-living thing,task-3-find-non-living-thing
open door to kitchen,False,221,2,Your task is to find a(n) non-living thing,task-3-find-non-living-thing
go to kitchen,False,221,3,Your task is to find a(n) non-living thing,task-3-find-non-living-thing
open door to bathroom,False,221,4,Your task is to find a(n) non-living thing,task-3-find-non-living-thing
go to bathroom,False,221,5,Your task is to find a(n) non-living thing,task-3-find-non-living-thing
focus on picture,False,221,6,Your task is to find a(n) non-living thing,task-3-find-non-living-thing
move picture to purple box,False,221,7,Your task is to find a(n) non-living thing,task-3-find-non-living-thing
