action,landmark,variation,order,goal,task_id
open door to kitchen,False,222,0,Your task is to find a(n) non-living thing,task-3-find-non-living-thing
go to kitchen,False,222,1,Your task is to find a(n) non-living thing,task-3-find-non-living-thing
open door to hallway,False,222,2,Your task is to find a(n) non-living thing,task-3-find-non-living-thing
go to hallway,False,222,3,Your task is to find a(n) non-living thing,task-3-find-non-living-thing
open door to living room,False,222,4,Your task is to find a(n) non-living thing,task-3-find-non-living-thing
go to living room,False,222,5,Your task is to find a(n) non-living thing,task-3-find-non-living-thing
focus on painting,False,222,6,Your task is to find a(n) non-living thing,task-3-find-non-living-thing
move painting to red box,False,222,7,Your task is to find a(n) non-living thing,task-3-find-non-living-thing
