action,landmark,variation,order,goal,task_id
open door to hallway,False,223,0,Your task is to find a(n) non-living thing,task-3-find-non-living-thing
go to hallway,False,223,1,Your task is to find a(n) non-living thing,task-3-find-non-living-thing
open door to living room,False,223,2,Your task is to find a(n) non-living thing,task-3-find-non-living-thing
go to living room,False,223,3,Your task is to find a(n) non-living thing,task-3-find-non-living-thing
focus on drawing,False,223,4,Your task is to find a(n) non-living thing,task-3-find-non-living-thing
move drawing to green box,False,223,5,Your task is to find a(n) non-living thing,task-3-find-non-living-thing
