action,landmark,variation,order,goal,task_id
open door to hallway,False,224,0,Your task is to find a(n) non-living thing,task-3-find-non-living-thing
go to hallway,False,224,1,Your task is to find a(n) non-living thing,task-3-find-non-living-thing
open door to living room,False,224,2,Your task is to find a(n) non-living thing,task-3-find-non-living-thing
go to living room,False,224,3,Your task is to find a(n) non-living thing,task-3-find-non-living-thing
focus on drawing,False,224,4,Your task is to find a(n) non-living thing,task-3-find-non-living-thing
move drawing to blue box,False,224,5,Your task is to find a(n) non-living thing,task-3-find-non-living-thing
