action,landmark,variation,order,goal,task_id
open door to hallway,False,225,0,Your task is to find a(n) non-living thing,task-3-find-non-living-thing
go to hallway,False,225,1,Your task is to find a(n) non-living thing,task-3-find-non-living-thing
open door to living room,False,225,2,Your task is to find a(n) non-living thing,task-3-find-non-living-thing
go to living room,False,225,3,Your task is to find a(n) non-living thing,task-3-find-non-living-thing
focus on chair,False,225,4,Your task is to find a(n) non-living thing,task-3-find-non-living-thing
move chair to orange box,False,225,5,Your task is to find a(n) non-living thing,task-3-find-non-living-thing
