action,landmark,variation,order,goal,task_id
open door to kitchen,False,227,0,Your task is to find a(n) non-living thing,task-3-find-non-living-thing
go to kitchen,False,227,1,Your task is to find a(n) non-living thing,task-3-find-non-living-thing
open door to hallway,False,227,2,Your task is to find a(n) non-living thing,task-3-find-non-living-thing
go to hallway,False,227,3,Your task is to find a(n) non-living thing,task-3-find-non-living-thing
open door to living room,False,227,4,Your task is to find a(n) non-living thing,task-3-find-non-living-thing
go to living room,False,227,5,Your task is to find a(n) non-living thing,task-3-find-non-living-thing
focus on object,False,227,6,Your task is to find a(n) non-living thing,task-3-find-non-living-thing
move object to purple box,False,227,7,Your task is to find a(n) non-living thing,task-3-find-non-living-thing
