action,landmark,variation,order,goal,task_id
open door to kitchen,False,23,0,Your task is to find a(n) non-living thing,task-3-find-non-living-thing
go to kitchen,False,23,1,Your task is to find a(n) non-living thing,task-3-find-non-living-thing
open door to hallway,False,23,2,Your task is to find a(n) non-living thing,task-3-find-non-living-thing
go to hallway,False,23,3,Your task is to find a(n) non-living thing,task-3-find-non-living-thing
open door to bedroom,False,23,4,Your task is to find a(n) non-living thing,task-3-find-non-living-thing
go to bedroom,False,23,5,Your task is to find a(n) non-living thing,task-3-find-non-living-thing
focus on cloth sittable,False,23,6,Your task is to find a(n) non-living thing,task-3-find-non-living-thing
move cloth sittable to purple box,False,23,7,Your task is to find a(n) non-living thing,task-3-find-non-living-thing
