action,landmark,variation,order,goal,task_id
open door to hallway,False,230,0,Your task is to find a(n) non-living thing,task-3-find-non-living-thing
go to hallway,False,230,1,Your task is to find a(n) non-living thing,task-3-find-non-living-thing
open door to bedroom,False,230,2,Your task is to find a(n) non-living thing,task-3-find-non-living-thing
go to bedroom,False,230,3,Your task is to find a(n) non-living thing,task-3-find-non-living-thing
focus on bed,False,230,4,Your task is to find a(n) non-living thing,task-3-find-non-living-thing
move bed to blue box,False,230,5,Your task is to find a(n) non-living thing,task-3-find-non-living-thing
