action,landmark,variation,order,goal,task_id
open door to hallway,False,231,0,Your task is to find a(n) non-living thing,task-3-find-non-living-thing
go to hallway,False,231,1,Your task is to find a(n) non-living thing,task-3-find-non-living-thing
open door to bedroom,False,231,2,Your task is to find a(n) non-living thing,task-3-find-non-living-thing
go to bedroom,False,231,3,Your task is to find a(n) non-living thing,task-3-find-non-living-thing
focus on closet,False,231,4,Your task is to find a(n) non-living thing,task-3-find-non-living-thing
move closet to orange box,False,231,5,Your task is to find a(n) non-living thing,task-3-find-non-living-thing
