action,landmark,variation,order,goal,task_id
open door to hallway,False,232,0,Your task is to find a(n) non-living thing,task-3-find-non-living-thing
go to hallway,False,232,1,Your task is to find a(n) non-living thing,task-3-find-non-living-thing
open door to bedroom,False,232,2,Your task is to find a(n) non-living thing,task-3-find-non-living-thing
go to bedroom,False,232,3,Your task is to find a(n) non-living thing,task-3-find-non-living-thing
focus on bed,False,232,4,Your task is to find a(n) non-living thing,task-3-find-non-living-thing
move bed to yellow box,False,232,5,Your task is to find a(n) non-living thing,task-3-find-non-living-thing
