action,landmark,variation,order,goal,task_id
open door to green house,False,233,0,Your task is to find a(n) non-living thing,task-3-find-non-living-thing
go to green house,False,233,1,Your task is to find a(n) non-living thing,task-3-find-non-living-thing
open door to hallway,False,233,2,Your task is to find a(n) non-living thing,task-3-find-non-living-thing
go to hallway,False,233,3,Your task is to find a(n) non-living thing,task-3-find-non-living-thing
open door to bedroom,False,233,4,Your task is to find a(n) non-living thing,task-3-find-non-living-thing
go to bedroom,False,233,5,Your task is to find a(n) non-living thing,task-3-find-non-living-thing
focus on closet,False,233,6,Your task is to find a(n) non-living thing,task-3-find-non-living-thing
move closet to purple box,False,233,7,Your task is to find a(n) non-living thing,task-3-find-non-living-thing
