action,landmark,variation,order,goal,task_id
open door to hallway,False,234,0,Your task is to find a(n) non-living thing,task-3-find-non-living-thing
go to hallway,False,234,1,Your task is to find a(n) non-living thing,task-3-find-non-living-thing
open door to workshop,False,234,2,Your task is to find a(n) non-living thing,task-3-find-non-living-thing
go to workshop,False,234,3,Your task is to find a(n) non-living thing,task-3-find-non-living-thing
focus on table,False,234,4,Your task is to find a(n) non-living thing,task-3-find-non-living-thing
move table to red box,False,234,5,Your task is to find a(n) non-living thing,task-3-find-non-living-thing
