action,landmark,variation,order,goal,task_id
open door to hallway,False,236,0,Your task is to find a(n) non-living thing,task-3-find-non-living-thing
go to hallway,False,236,1,Your task is to find a(n) non-living thing,task-3-find-non-living-thing
open door to workshop,False,236,2,Your task is to find a(n) non-living thing,task-3-find-non-living-thing
go to workshop,False,236,3,Your task is to find a(n) non-living thing,task-3-find-non-living-thing
focus on orange wire,False,236,4,Your task is to find a(n) non-living thing,task-3-find-non-living-thing
move orange wire to blue box,False,236,5,Your task is to find a(n) non-living thing,task-3-find-non-living-thing
