action,landmark,variation,order,goal,task_id
open door to hallway,False,237,0,Your task is to find a(n) non-living thing,task-3-find-non-living-thing
go to hallway,False,237,1,Your task is to find a(n) non-living thing,task-3-find-non-living-thing
open door to workshop,False,237,2,Your task is to find a(n) non-living thing,task-3-find-non-living-thing
go to workshop,False,237,3,Your task is to find a(n) non-living thing,task-3-find-non-living-thing
focus on red wire,False,237,4,Your task is to find a(n) non-living thing,task-3-find-non-living-thing
move red wire to orange box,False,237,5,Your task is to find a(n) non-living thing,task-3-find-non-living-thing
