action,landmark,variation,order,goal,task_id
open door to hallway,False,238,0,Your task is to find a(n) non-living thing,task-3-find-non-living-thing
go to hallway,False,238,1,Your task is to find a(n) non-living thing,task-3-find-non-living-thing
open door to workshop,False,238,2,Your task is to find a(n) non-living thing,task-3-find-non-living-thing
go to workshop,False,238,3,Your task is to find a(n) non-living thing,task-3-find-non-living-thing
focus on blue wire,False,238,4,Your task is to find a(n) non-living thing,task-3-find-non-living-thing
move blue wire to yellow box,False,238,5,Your task is to find a(n) non-living thing,task-3-find-non-living-thing
