action,landmark,variation,order,goal,task_id
open door to kitchen,False,24,0,Your task is to find a(n) non-living thing,task-3-find-non-living-thing
go to kitchen,False,24,1,Your task is to find a(n) non-living thing,task-3-find-non-living-thing
open door to hallway,False,24,2,Your task is to find a(n) non-living thing,task-3-find-non-living-thing
go to hallway,False,24,3,Your task is to find a(n) non-living thing,task-3-find-non-living-thing
open door to workshop,False,24,4,Your task is to find a(n) non-living thing,task-3-find-non-living-thing
go to workshop,False,24,5,Your task is to find a(n) non-living thing,task-3-find-non-living-thing
focus on yellow wire,False,24,6,Your task is to find a(n) non-living thing,task-3-find-non-living-thing
move yellow wire to red box,False,24,7,Your task is to find a(n) non-living thing,task-3-find-non-living-thing
