action,landmark,variation,order,goal,task_id
open door to hallway,False,240,0,Your task is to find a(n) non-living thing,task-3-find-non-living-thing
go to hallway,False,240,1,Your task is to find a(n) non-living thing,task-3-find-non-living-thing
open door to kitchen,False,240,2,Your task is to find a(n) non-living thing,task-3-find-non-living-thing
go to kitchen,False,240,3,Your task is to find a(n) non-living thing,task-3-find-non-living-thing
focus on chair,False,240,4,Your task is to find a(n) non-living thing,task-3-find-non-living-thing
move chair to red box,False,240,5,Your task is to find a(n) non-living thing,task-3-find-non-living-thing
