action,landmark,variation,order,goal,task_id
open door to hallway,False,242,0,Your task is to find a(n) non-living thing,task-3-find-non-living-thing
go to hallway,False,242,1,Your task is to find a(n) non-living thing,task-3-find-non-living-thing
open door to kitchen,False,242,2,Your task is to find a(n) non-living thing,task-3-find-non-living-thing
go to kitchen,False,242,3,Your task is to find a(n) non-living thing,task-3-find-non-living-thing
focus on bowl,False,242,4,Your task is to find a(n) non-living thing,task-3-find-non-living-thing
move bowl to blue box,False,242,5,Your task is to find a(n) non-living thing,task-3-find-non-living-thing
