action,landmark,variation,order,goal,task_id
open door to outside,False,244,0,Your task is to find a(n) non-living thing,task-3-find-non-living-thing
go to outside,False,244,1,Your task is to find a(n) non-living thing,task-3-find-non-living-thing
open door to kitchen,False,244,2,Your task is to find a(n) non-living thing,task-3-find-non-living-thing
go to kitchen,False,244,3,Your task is to find a(n) non-living thing,task-3-find-non-living-thing
focus on drawer in counter,False,244,4,Your task is to find a(n) non-living thing,task-3-find-non-living-thing
move drawer in counter to yellow box,False,244,5,Your task is to find a(n) non-living thing,task-3-find-non-living-thing
