action,landmark,variation,order,goal,task_id
open door to kitchen,False,246,0,Your task is to find a(n) non-living thing,task-3-find-non-living-thing
go to kitchen,False,246,1,Your task is to find a(n) non-living thing,task-3-find-non-living-thing
open door to bathroom,False,246,2,Your task is to find a(n) non-living thing,task-3-find-non-living-thing
go to bathroom,False,246,3,Your task is to find a(n) non-living thing,task-3-find-non-living-thing
focus on cup,False,246,4,Your task is to find a(n) non-living thing,task-3-find-non-living-thing
move cup to red box,False,246,5,Your task is to find a(n) non-living thing,task-3-find-non-living-thing
