action,landmark,variation,order,goal,task_id
open door to outside,False,248,0,Your task is to find a(n) non-living thing,task-3-find-non-living-thing
go to outside,False,248,1,Your task is to find a(n) non-living thing,task-3-find-non-living-thing
open door to kitchen,False,248,2,Your task is to find a(n) non-living thing,task-3-find-non-living-thing
go to kitchen,False,248,3,Your task is to find a(n) non-living thing,task-3-find-non-living-thing
open door to bathroom,False,248,4,Your task is to find a(n) non-living thing,task-3-find-non-living-thing
go to bathroom,False,248,5,Your task is to find a(n) non-living thing,task-3-find-non-living-thing
focus on cup,False,248,6,Your task is to find a(n) non-living thing,task-3-find-non-living-thing
move cup to blue box,False,248,7,Your task is to find a(n) non-living thing,task-3-find-non-living-thing
