action,landmark,variation,order,goal,task_id
open door to kitchen,False,249,0,Your task is to find a(n) non-living thing,task-3-find-non-living-thing
go to kitchen,False,249,1,Your task is to find a(n) non-living thing,task-3-find-non-living-thing
open door to bathroom,False,249,2,Your task is to find a(n) non-living thing,task-3-find-non-living-thing
go to bathroom,False,249,3,Your task is to find a(n) non-living thing,task-3-find-non-living-thing
focus on painting,False,249,4,Your task is to find a(n) non-living thing,task-3-find-non-living-thing
move painting to orange box,False,249,5,Your task is to find a(n) non-living thing,task-3-find-non-living-thing
