action,landmark,variation,order,goal,task_id
open door to hallway,False,252,0,Your task is to find a(n) non-living thing,task-3-find-non-living-thing
go to hallway,False,252,1,Your task is to find a(n) non-living thing,task-3-find-non-living-thing
open door to living room,False,252,2,Your task is to find a(n) non-living thing,task-3-find-non-living-thing
go to living room,False,252,3,Your task is to find a(n) non-living thing,task-3-find-non-living-thing
focus on cloth sittable,False,252,4,Your task is to find a(n) non-living thing,task-3-find-non-living-thing
move cloth sittable to red box,False,252,5,Your task is to find a(n) non-living thing,task-3-find-non-living-thing
