action,landmark,variation,order,goal,task_id
open door to hallway,False,253,0,Your task is to find a(n) non-living thing,task-3-find-non-living-thing
go to hallway,False,253,1,Your task is to find a(n) non-living thing,task-3-find-non-living-thing
open door to living room,False,253,2,Your task is to find a(n) non-living thing,task-3-find-non-living-thing
go to living room,False,253,3,Your task is to find a(n) non-living thing,task-3-find-non-living-thing
focus on chair,False,253,4,Your task is to find a(n) non-living thing,task-3-find-non-living-thing
move chair to green box,False,253,5,Your task is to find a(n) non-living thing,task-3-find-non-living-thing
