action,landmark,variation,order,goal,task_id
open door to hallway,False,255,0,Your task is to find a(n) non-living thing,task-3-find-non-living-thing
go to hallway,False,255,1,Your task is to find a(n) non-living thing,task-3-find-non-living-thing
open door to living room,False,255,2,Your task is to find a(n) non-living thing,task-3-find-non-living-thing
go to living room,False,255,3,Your task is to find a(n) non-living thing,task-3-find-non-living-thing
focus on object,False,255,4,Your task is to find a(n) non-living thing,task-3-find-non-living-thing
move object to orange box,False,255,5,Your task is to find a(n) non-living thing,task-3-find-non-living-thing
