action,landmark,variation,order,goal,task_id
open door to hallway,False,256,0,Your task is to find a(n) non-living thing,task-3-find-non-living-thing
go to hallway,False,256,1,Your task is to find a(n) non-living thing,task-3-find-non-living-thing
open door to living room,False,256,2,Your task is to find a(n) non-living thing,task-3-find-non-living-thing
go to living room,False,256,3,Your task is to find a(n) non-living thing,task-3-find-non-living-thing
focus on table,False,256,4,Your task is to find a(n) non-living thing,task-3-find-non-living-thing
move table to yellow box,False,256,5,Your task is to find a(n) non-living thing,task-3-find-non-living-thing
