action,landmark,variation,order,goal,task_id
open door to hallway,False,258,0,Your task is to find a(n) non-living thing,task-3-find-non-living-thing
go to hallway,False,258,1,Your task is to find a(n) non-living thing,task-3-find-non-living-thing
open door to bedroom,False,258,2,Your task is to find a(n) non-living thing,task-3-find-non-living-thing
go to bedroom,False,258,3,Your task is to find a(n) non-living thing,task-3-find-non-living-thing
focus on bed,False,258,4,Your task is to find a(n) non-living thing,task-3-find-non-living-thing
move bed to red box,False,258,5,Your task is to find a(n) non-living thing,task-3-find-non-living-thing
