action,landmark,variation,order,goal,task_id
open door to hallway,False,259,0,Your task is to find a(n) non-living thing,task-3-find-non-living-thing
go to hallway,False,259,1,Your task is to find a(n) non-living thing,task-3-find-non-living-thing
open door to bedroom,False,259,2,Your task is to find a(n) non-living thing,task-3-find-non-living-thing
go to bedroom,False,259,3,Your task is to find a(n) non-living thing,task-3-find-non-living-thing
focus on table,False,259,4,Your task is to find a(n) non-living thing,task-3-find-non-living-thing
move table to green box,False,259,5,Your task is to find a(n) non-living thing,task-3-find-non-living-thing
