action,landmark,variation,order,goal,task_id
open door to hallway,False,262,0,Your task is to find a(n) non-living thing,task-3-find-non-living-thing
go to hallway,False,262,1,Your task is to find a(n) non-living thing,task-3-find-non-living-thing
open door to bedroom,False,262,2,Your task is to find a(n) non-living thing,task-3-find-non-living-thing
go to bedroom,False,262,3,Your task is to find a(n) non-living thing,task-3-find-non-living-thing
focus on bed,False,262,4,Your task is to find a(n) non-living thing,task-3-find-non-living-thing
move bed to yellow box,False,262,5,Your task is to find a(n) non-living thing,task-3-find-non-living-thing
