action,landmark,variation,order,goal,task_id
open door to hallway,False,265,0,Your task is to find a(n) non-living thing,task-3-find-non-living-thing
go to hallway,False,265,1,Your task is to find a(n) non-living thing,task-3-find-non-living-thing
open door to workshop,False,265,2,Your task is to find a(n) non-living thing,task-3-find-non-living-thing
go to workshop,False,265,3,Your task is to find a(n) non-living thing,task-3-find-non-living-thing
focus on table,False,265,4,Your task is to find a(n) non-living thing,task-3-find-non-living-thing
move table to green box,False,265,5,Your task is to find a(n) non-living thing,task-3-find-non-living-thing
