action,landmark,variation,order,goal,task_id
open door to hallway,False,271,0,Your task is to find a(n) non-living thing,task-3-find-non-living-thing
go to hallway,False,271,1,Your task is to find a(n) non-living thing,task-3-find-non-living-thing
open door to kitchen,False,271,2,Your task is to find a(n) non-living thing,task-3-find-non-living-thing
go to kitchen,False,271,3,Your task is to find a(n) non-living thing,task-3-find-non-living-thing
focus on glass jar,False,271,4,Your task is to find a(n) non-living thing,task-3-find-non-living-thing
move glass jar to green box,False,271,5,Your task is to find a(n) non-living thing,task-3-find-non-living-thing
