action,landmark,variation,order,goal,task_id
open door to hallway,False,272,0,Your task is to find a(n) non-living thing,task-3-find-non-living-thing
go to hallway,False,272,1,Your task is to find a(n) non-living thing,task-3-find-non-living-thing
open door to kitchen,False,272,2,Your task is to find a(n) non-living thing,task-3-find-non-living-thing
go to kitchen,False,272,3,Your task is to find a(n) non-living thing,task-3-find-non-living-thing
focus on counter,False,272,4,Your task is to find a(n) non-living thing,task-3-find-non-living-thing
move counter to blue box,False,272,5,Your task is to find a(n) non-living thing,task-3-find-non-living-thing
