action,landmark,variation,order,goal,task_id
open door to hallway,False,274,0,Your task is to find a(n) non-living thing,task-3-find-non-living-thing
go to hallway,False,274,1,Your task is to find a(n) non-living thing,task-3-find-non-living-thing
open door to kitchen,False,274,2,Your task is to find a(n) non-living thing,task-3-find-non-living-thing
go to kitchen,False,274,3,Your task is to find a(n) non-living thing,task-3-find-non-living-thing
focus on soap,False,274,4,Your task is to find a(n) non-living thing,task-3-find-non-living-thing
move soap to yellow box,False,274,5,Your task is to find a(n) non-living thing,task-3-find-non-living-thing
