action,landmark,variation,order,goal,task_id
open door to kitchen,False,277,0,Your task is to find a(n) non-living thing,task-3-find-non-living-thing
go to kitchen,False,277,1,Your task is to find a(n) non-living thing,task-3-find-non-living-thing
open door to bathroom,False,277,2,Your task is to find a(n) non-living thing,task-3-find-non-living-thing
go to bathroom,False,277,3,Your task is to find a(n) non-living thing,task-3-find-non-living-thing
focus on painting,False,277,4,Your task is to find a(n) non-living thing,task-3-find-non-living-thing
move painting to green box,False,277,5,Your task is to find a(n) non-living thing,task-3-find-non-living-thing
