action,landmark,variation,order,goal,task_id
open door to hallway,False,279,0,Your task is to find a(n) non-living thing,task-3-find-non-living-thing
go to hallway,False,279,1,Your task is to find a(n) non-living thing,task-3-find-non-living-thing
open door to kitchen,False,279,2,Your task is to find a(n) non-living thing,task-3-find-non-living-thing
go to kitchen,False,279,3,Your task is to find a(n) non-living thing,task-3-find-non-living-thing
open door to bathroom,False,279,4,Your task is to find a(n) non-living thing,task-3-find-non-living-thing
go to bathroom,False,279,5,Your task is to find a(n) non-living thing,task-3-find-non-living-thing
focus on cup,False,279,6,Your task is to find a(n) non-living thing,task-3-find-non-living-thing
move cup to orange box,False,279,7,Your task is to find a(n) non-living thing,task-3-find-non-living-thing
