action,landmark,variation,order,goal,task_id
open door to kitchen,False,28,0,Your task is to find a(n) non-living thing,task-3-find-non-living-thing
go to kitchen,False,28,1,Your task is to find a(n) non-living thing,task-3-find-non-living-thing
open door to hallway,False,28,2,Your task is to find a(n) non-living thing,task-3-find-non-living-thing
go to hallway,False,28,3,Your task is to find a(n) non-living thing,task-3-find-non-living-thing
open door to workshop,False,28,4,Your task is to find a(n) non-living thing,task-3-find-non-living-thing
go to workshop,False,28,5,Your task is to find a(n) non-living thing,task-3-find-non-living-thing
focus on table,False,28,6,Your task is to find a(n) non-living thing,task-3-find-non-living-thing
move table to yellow box,False,28,7,Your task is to find a(n) non-living thing,task-3-find-non-living-thing
