action,landmark,variation,order,goal,task_id
open door to hallway,False,283,0,Your task is to find a(n) non-living thing,task-3-find-non-living-thing
go to hallway,False,283,1,Your task is to find a(n) non-living thing,task-3-find-non-living-thing
open door to living room,False,283,2,Your task is to find a(n) non-living thing,task-3-find-non-living-thing
go to living room,False,283,3,Your task is to find a(n) non-living thing,task-3-find-non-living-thing
focus on chair,False,283,4,Your task is to find a(n) non-living thing,task-3-find-non-living-thing
move chair to green box,False,283,5,Your task is to find a(n) non-living thing,task-3-find-non-living-thing
