action,landmark,variation,order,goal,task_id
open door to green house,False,285,0,Your task is to find a(n) non-living thing,task-3-find-non-living-thing
go to green house,False,285,1,Your task is to find a(n) non-living thing,task-3-find-non-living-thing
open door to hallway,False,285,2,Your task is to find a(n) non-living thing,task-3-find-non-living-thing
go to hallway,False,285,3,Your task is to find a(n) non-living thing,task-3-find-non-living-thing
open door to living room,False,285,4,Your task is to find a(n) non-living thing,task-3-find-non-living-thing
go to living room,False,285,5,Your task is to find a(n) non-living thing,task-3-find-non-living-thing
focus on book (frankenstein),False,285,6,Your task is to find a(n) non-living thing,task-3-find-non-living-thing
move book (frankenstein) to orange box,False,285,7,Your task is to find a(n) non-living thing,task-3-find-non-living-thing
