action,landmark,variation,order,goal,task_id
open door to hallway,False,286,0,Your task is to find a(n) non-living thing,task-3-find-non-living-thing
go to hallway,False,286,1,Your task is to find a(n) non-living thing,task-3-find-non-living-thing
open door to living room,False,286,2,Your task is to find a(n) non-living thing,task-3-find-non-living-thing
go to living room,False,286,3,Your task is to find a(n) non-living thing,task-3-find-non-living-thing
focus on chair,False,286,4,Your task is to find a(n) non-living thing,task-3-find-non-living-thing
move chair to yellow box,False,286,5,Your task is to find a(n) non-living thing,task-3-find-non-living-thing
