action,landmark,variation,order,goal,task_id
open door to hallway,False,289,0,Your task is to find a(n) non-living thing,task-3-find-non-living-thing
go to hallway,False,289,1,Your task is to find a(n) non-living thing,task-3-find-non-living-thing
open door to bedroom,False,289,2,Your task is to find a(n) non-living thing,task-3-find-non-living-thing
go to bedroom,False,289,3,Your task is to find a(n) non-living thing,task-3-find-non-living-thing
focus on book,False,289,4,Your task is to find a(n) non-living thing,task-3-find-non-living-thing
move book to green box,False,289,5,Your task is to find a(n) non-living thing,task-3-find-non-living-thing
