action,landmark,variation,order,goal,task_id
open door to hallway,False,291,0,Your task is to find a(n) non-living thing,task-3-find-non-living-thing
go to hallway,False,291,1,Your task is to find a(n) non-living thing,task-3-find-non-living-thing
open door to bedroom,False,291,2,Your task is to find a(n) non-living thing,task-3-find-non-living-thing
go to bedroom,False,291,3,Your task is to find a(n) non-living thing,task-3-find-non-living-thing
focus on cloth sittable,False,291,4,Your task is to find a(n) non-living thing,task-3-find-non-living-thing
move cloth sittable to orange box,False,291,5,Your task is to find a(n) non-living thing,task-3-find-non-living-thing
