action,landmark,variation,order,goal,task_id
open door to hallway,False,296,0,Your task is to find a(n) non-living thing,task-3-find-non-living-thing
go to hallway,False,296,1,Your task is to find a(n) non-living thing,task-3-find-non-living-thing
open door to workshop,False,296,2,Your task is to find a(n) non-living thing,task-3-find-non-living-thing
go to workshop,False,296,3,Your task is to find a(n) non-living thing,task-3-find-non-living-thing
focus on blue wire,False,296,4,Your task is to find a(n) non-living thing,task-3-find-non-living-thing
move blue wire to blue box,False,296,5,Your task is to find a(n) non-living thing,task-3-find-non-living-thing
