action,landmark,variation,order,goal,task_id
open door to hallway,False,297,0,Your task is to find a(n) non-living thing,task-3-find-non-living-thing
go to hallway,False,297,1,Your task is to find a(n) non-living thing,task-3-find-non-living-thing
open door to workshop,False,297,2,Your task is to find a(n) non-living thing,task-3-find-non-living-thing
go to workshop,False,297,3,Your task is to find a(n) non-living thing,task-3-find-non-living-thing
focus on green wire,False,297,4,Your task is to find a(n) non-living thing,task-3-find-non-living-thing
move green wire to orange box,False,297,5,Your task is to find a(n) non-living thing,task-3-find-non-living-thing
