action,landmark,variation,order,goal,task_id
open door to hallway,False,299,0,Your task is to find a(n) non-living thing,task-3-find-non-living-thing
go to hallway,False,299,1,Your task is to find a(n) non-living thing,task-3-find-non-living-thing
open door to workshop,False,299,2,Your task is to find a(n) non-living thing,task-3-find-non-living-thing
go to workshop,False,299,3,Your task is to find a(n) non-living thing,task-3-find-non-living-thing
focus on yellow wire,False,299,4,Your task is to find a(n) non-living thing,task-3-find-non-living-thing
move yellow wire to purple box,False,299,5,Your task is to find a(n) non-living thing,task-3-find-non-living-thing
