action,landmark,variation,order,goal,task_id
open door to kitchen,False,3,0,Your task is to find a(n) non-living thing,task-3-find-non-living-thing
go to kitchen,False,3,1,Your task is to find a(n) non-living thing,task-3-find-non-living-thing
focus on cup containing nothing in table,False,3,2,Your task is to find a(n) non-living thing,task-3-find-non-living-thing
move cup containing nothing in table to orange box,False,3,3,Your task is to find a(n) non-living thing,task-3-find-non-living-thing
