action,landmark,variation,order,goal,task_id
open door to hallway,False,32,0,Your task is to find a(n) non-living thing,task-3-find-non-living-thing
go to hallway,False,32,1,Your task is to find a(n) non-living thing,task-3-find-non-living-thing
open door to kitchen,False,32,2,Your task is to find a(n) non-living thing,task-3-find-non-living-thing
go to kitchen,False,32,3,Your task is to find a(n) non-living thing,task-3-find-non-living-thing
focus on bowl,False,32,4,Your task is to find a(n) non-living thing,task-3-find-non-living-thing
move bowl to blue box,False,32,5,Your task is to find a(n) non-living thing,task-3-find-non-living-thing
