action,landmark,variation,order,goal,task_id
open door to hallway,False,33,0,Your task is to find a(n) non-living thing,task-3-find-non-living-thing
go to hallway,False,33,1,Your task is to find a(n) non-living thing,task-3-find-non-living-thing
open door to kitchen,False,33,2,Your task is to find a(n) non-living thing,task-3-find-non-living-thing
go to kitchen,False,33,3,Your task is to find a(n) non-living thing,task-3-find-non-living-thing
focus on lighter,False,33,4,Your task is to find a(n) non-living thing,task-3-find-non-living-thing
move lighter to orange box,False,33,5,Your task is to find a(n) non-living thing,task-3-find-non-living-thing
