action,landmark,variation,order,goal,task_id
open door to hallway,False,35,0,Your task is to find a(n) non-living thing,task-3-find-non-living-thing
go to hallway,False,35,1,Your task is to find a(n) non-living thing,task-3-find-non-living-thing
open door to kitchen,False,35,2,Your task is to find a(n) non-living thing,task-3-find-non-living-thing
go to kitchen,False,35,3,Your task is to find a(n) non-living thing,task-3-find-non-living-thing
focus on soap,False,35,4,Your task is to find a(n) non-living thing,task-3-find-non-living-thing
move soap to purple box,False,35,5,Your task is to find a(n) non-living thing,task-3-find-non-living-thing
