action,landmark,variation,order,goal,task_id
open door to outside,False,37,0,Your task is to find a(n) non-living thing,task-3-find-non-living-thing
go to outside,False,37,1,Your task is to find a(n) non-living thing,task-3-find-non-living-thing
open door to kitchen,False,37,2,Your task is to find a(n) non-living thing,task-3-find-non-living-thing
go to kitchen,False,37,3,Your task is to find a(n) non-living thing,task-3-find-non-living-thing
open door to bathroom,False,37,4,Your task is to find a(n) non-living thing,task-3-find-non-living-thing
go to bathroom,False,37,5,Your task is to find a(n) non-living thing,task-3-find-non-living-thing
focus on finger painting,False,37,6,Your task is to find a(n) non-living thing,task-3-find-non-living-thing
move finger painting to green box,False,37,7,Your task is to find a(n) non-living thing,task-3-find-non-living-thing
