action,landmark,variation,order,goal,task_id
open door to hallway,False,38,0,Your task is to find a(n) non-living thing,task-3-find-non-living-thing
go to hallway,False,38,1,Your task is to find a(n) non-living thing,task-3-find-non-living-thing
open door to kitchen,False,38,2,Your task is to find a(n) non-living thing,task-3-find-non-living-thing
go to kitchen,False,38,3,Your task is to find a(n) non-living thing,task-3-find-non-living-thing
open door to bathroom,False,38,4,Your task is to find a(n) non-living thing,task-3-find-non-living-thing
go to bathroom,False,38,5,Your task is to find a(n) non-living thing,task-3-find-non-living-thing
focus on picture,False,38,6,Your task is to find a(n) non-living thing,task-3-find-non-living-thing
move picture to blue box,False,38,7,Your task is to find a(n) non-living thing,task-3-find-non-living-thing
