action,landmark,variation,order,goal,task_id
open door to kitchen,False,39,0,Your task is to find a(n) non-living thing,task-3-find-non-living-thing
go to kitchen,False,39,1,Your task is to find a(n) non-living thing,task-3-find-non-living-thing
open door to bathroom,False,39,2,Your task is to find a(n) non-living thing,task-3-find-non-living-thing
go to bathroom,False,39,3,Your task is to find a(n) non-living thing,task-3-find-non-living-thing
focus on cup,False,39,4,Your task is to find a(n) non-living thing,task-3-find-non-living-thing
move cup to orange box,False,39,5,Your task is to find a(n) non-living thing,task-3-find-non-living-thing
