action,landmark,variation,order,goal,task_id
open door to kitchen,False,41,0,Your task is to find a(n) non-living thing,task-3-find-non-living-thing
go to kitchen,False,41,1,Your task is to find a(n) non-living thing,task-3-find-non-living-thing
open door to bathroom,False,41,2,Your task is to find a(n) non-living thing,task-3-find-non-living-thing
go to bathroom,False,41,3,Your task is to find a(n) non-living thing,task-3-find-non-living-thing
focus on cup,False,41,4,Your task is to find a(n) non-living thing,task-3-find-non-living-thing
move cup to purple box,False,41,5,Your task is to find a(n) non-living thing,task-3-find-non-living-thing
