action,landmark,variation,order,goal,task_id
open door to hallway,False,43,0,Your task is to find a(n) non-living thing,task-3-find-non-living-thing
go to hallway,False,43,1,Your task is to find a(n) non-living thing,task-3-find-non-living-thing
open door to living room,False,43,2,Your task is to find a(n) non-living thing,task-3-find-non-living-thing
go to living room,False,43,3,Your task is to find a(n) non-living thing,task-3-find-non-living-thing
focus on finger painting,False,43,4,Your task is to find a(n) non-living thing,task-3-find-non-living-thing
move finger painting to green box,False,43,5,Your task is to find a(n) non-living thing,task-3-find-non-living-thing
