action,landmark,variation,order,goal,task_id
open door to kitchen,False,44,0,Your task is to find a(n) non-living thing,task-3-find-non-living-thing
go to kitchen,False,44,1,Your task is to find a(n) non-living thing,task-3-find-non-living-thing
open door to hallway,False,44,2,Your task is to find a(n) non-living thing,task-3-find-non-living-thing
go to hallway,False,44,3,Your task is to find a(n) non-living thing,task-3-find-non-living-thing
open door to living room,False,44,4,Your task is to find a(n) non-living thing,task-3-find-non-living-thing
go to living room,False,44,5,Your task is to find a(n) non-living thing,task-3-find-non-living-thing
focus on chair,False,44,6,Your task is to find a(n) non-living thing,task-3-find-non-living-thing
move chair to blue box,False,44,7,Your task is to find a(n) non-living thing,task-3-find-non-living-thing
