action,landmark,variation,order,goal,task_id
open door to hallway,False,45,0,Your task is to find a(n) non-living thing,task-3-find-non-living-thing
go to hallway,False,45,1,Your task is to find a(n) non-living thing,task-3-find-non-living-thing
open door to living room,False,45,2,Your task is to find a(n) non-living thing,task-3-find-non-living-thing
go to living room,False,45,3,Your task is to find a(n) non-living thing,task-3-find-non-living-thing
focus on desk,False,45,4,Your task is to find a(n) non-living thing,task-3-find-non-living-thing
move desk to orange box,False,45,5,Your task is to find a(n) non-living thing,task-3-find-non-living-thing
