action,landmark,variation,order,goal,task_id
open door to hallway,False,47,0,Your task is to find a(n) non-living thing,task-3-find-non-living-thing
go to hallway,False,47,1,Your task is to find a(n) non-living thing,task-3-find-non-living-thing
open door to living room,False,47,2,Your task is to find a(n) non-living thing,task-3-find-non-living-thing
go to living room,False,47,3,Your task is to find a(n) non-living thing,task-3-find-non-living-thing
focus on drawer,False,47,4,Your task is to find a(n) non-living thing,task-3-find-non-living-thing
move drawer to purple box,False,47,5,Your task is to find a(n) non-living thing,task-3-find-non-living-thing
