action,landmark,variation,order,goal,task_id
open door to hallway,False,48,0,Your task is to find a(n) non-living thing,task-3-find-non-living-thing
go to hallway,False,48,1,Your task is to find a(n) non-living thing,task-3-find-non-living-thing
open door to bedroom,False,48,2,Your task is to find a(n) non-living thing,task-3-find-non-living-thing
go to bedroom,False,48,3,Your task is to find a(n) non-living thing,task-3-find-non-living-thing
focus on painting,False,48,4,Your task is to find a(n) non-living thing,task-3-find-non-living-thing
move painting to red box,False,48,5,Your task is to find a(n) non-living thing,task-3-find-non-living-thing
