action,landmark,variation,order,goal,task_id
open door to hallway,False,49,0,Your task is to find a(n) non-living thing,task-3-find-non-living-thing
go to hallway,False,49,1,Your task is to find a(n) non-living thing,task-3-find-non-living-thing
open door to bedroom,False,49,2,Your task is to find a(n) non-living thing,task-3-find-non-living-thing
go to bedroom,False,49,3,Your task is to find a(n) non-living thing,task-3-find-non-living-thing
focus on bed,False,49,4,Your task is to find a(n) non-living thing,task-3-find-non-living-thing
move bed to green box,False,49,5,Your task is to find a(n) non-living thing,task-3-find-non-living-thing
