action,landmark,variation,order,goal,task_id
open door to kitchen,False,51,0,Your task is to find a(n) non-living thing,task-3-find-non-living-thing
go to kitchen,False,51,1,Your task is to find a(n) non-living thing,task-3-find-non-living-thing
open door to hallway,False,51,2,Your task is to find a(n) non-living thing,task-3-find-non-living-thing
go to hallway,False,51,3,Your task is to find a(n) non-living thing,task-3-find-non-living-thing
open door to bedroom,False,51,4,Your task is to find a(n) non-living thing,task-3-find-non-living-thing
go to bedroom,False,51,5,Your task is to find a(n) non-living thing,task-3-find-non-living-thing
focus on table,False,51,6,Your task is to find a(n) non-living thing,task-3-find-non-living-thing
move table to orange box,False,51,7,Your task is to find a(n) non-living thing,task-3-find-non-living-thing
