action,landmark,variation,order,goal,task_id
open door to hallway,False,52,0,Your task is to find a(n) non-living thing,task-3-find-non-living-thing
go to hallway,False,52,1,Your task is to find a(n) non-living thing,task-3-find-non-living-thing
open door to bedroom,False,52,2,Your task is to find a(n) non-living thing,task-3-find-non-living-thing
go to bedroom,False,52,3,Your task is to find a(n) non-living thing,task-3-find-non-living-thing
focus on bed,False,52,4,Your task is to find a(n) non-living thing,task-3-find-non-living-thing
move bed to yellow box,False,52,5,Your task is to find a(n) non-living thing,task-3-find-non-living-thing
