action,landmark,variation,order,goal,task_id
open door to hallway,False,53,0,Your task is to find a(n) non-living thing,task-3-find-non-living-thing
go to hallway,False,53,1,Your task is to find a(n) non-living thing,task-3-find-non-living-thing
open door to bedroom,False,53,2,Your task is to find a(n) non-living thing,task-3-find-non-living-thing
go to bedroom,False,53,3,Your task is to find a(n) non-living thing,task-3-find-non-living-thing
focus on object,False,53,4,Your task is to find a(n) non-living thing,task-3-find-non-living-thing
move object to purple box,False,53,5,Your task is to find a(n) non-living thing,task-3-find-non-living-thing
