action,landmark,variation,order,goal,task_id
open door to hallway,False,54,0,Your task is to find a(n) non-living thing,task-3-find-non-living-thing
go to hallway,False,54,1,Your task is to find a(n) non-living thing,task-3-find-non-living-thing
open door to workshop,False,54,2,Your task is to find a(n) non-living thing,task-3-find-non-living-thing
go to workshop,False,54,3,Your task is to find a(n) non-living thing,task-3-find-non-living-thing
focus on table,False,54,4,Your task is to find a(n) non-living thing,task-3-find-non-living-thing
move table to red box,False,54,5,Your task is to find a(n) non-living thing,task-3-find-non-living-thing
