action,landmark,variation,order,goal,task_id
open door to hallway,False,56,0,Your task is to find a(n) non-living thing,task-3-find-non-living-thing
go to hallway,False,56,1,Your task is to find a(n) non-living thing,task-3-find-non-living-thing
open door to workshop,False,56,2,Your task is to find a(n) non-living thing,task-3-find-non-living-thing
go to workshop,False,56,3,Your task is to find a(n) non-living thing,task-3-find-non-living-thing
focus on table,False,56,4,Your task is to find a(n) non-living thing,task-3-find-non-living-thing
move table to blue box,False,56,5,Your task is to find a(n) non-living thing,task-3-find-non-living-thing
