action,landmark,variation,order,goal,task_id
open door to hallway,False,6,0,Your task is to find a(n) non-living thing,task-3-find-non-living-thing
go to hallway,False,6,1,Your task is to find a(n) non-living thing,task-3-find-non-living-thing
open door to kitchen,False,6,2,Your task is to find a(n) non-living thing,task-3-find-non-living-thing
go to kitchen,False,6,3,Your task is to find a(n) non-living thing,task-3-find-non-living-thing
open door to bathroom,False,6,4,Your task is to find a(n) non-living thing,task-3-find-non-living-thing
go to bathroom,False,6,5,Your task is to find a(n) non-living thing,task-3-find-non-living-thing
focus on cup,False,6,6,Your task is to find a(n) non-living thing,task-3-find-non-living-thing
move cup to red box,False,6,7,Your task is to find a(n) non-living thing,task-3-find-non-living-thing
