action,landmark,variation,order,goal,task_id
open door to hallway,False,60,0,Your task is to find a(n) non-living thing,task-3-find-non-living-thing
go to hallway,False,60,1,Your task is to find a(n) non-living thing,task-3-find-non-living-thing
open door to kitchen,False,60,2,Your task is to find a(n) non-living thing,task-3-find-non-living-thing
go to kitchen,False,60,3,Your task is to find a(n) non-living thing,task-3-find-non-living-thing
focus on lighter,False,60,4,Your task is to find a(n) non-living thing,task-3-find-non-living-thing
move lighter to red box,False,60,5,Your task is to find a(n) non-living thing,task-3-find-non-living-thing
