action,landmark,variation,order,goal,task_id
open door to hallway,False,61,0,Your task is to find a(n) non-living thing,task-3-find-non-living-thing
go to hallway,False,61,1,Your task is to find a(n) non-living thing,task-3-find-non-living-thing
open door to kitchen,False,61,2,Your task is to find a(n) non-living thing,task-3-find-non-living-thing
go to kitchen,False,61,3,Your task is to find a(n) non-living thing,task-3-find-non-living-thing
focus on cup containing nothing in table,False,61,4,Your task is to find a(n) non-living thing,task-3-find-non-living-thing
move cup containing nothing in table to green box,False,61,5,Your task is to find a(n) non-living thing,task-3-find-non-living-thing
