action,landmark,variation,order,goal,task_id
open door to hallway,False,66,0,Your task is to find a(n) non-living thing,task-3-find-non-living-thing
go to hallway,False,66,1,Your task is to find a(n) non-living thing,task-3-find-non-living-thing
open door to kitchen,False,66,2,Your task is to find a(n) non-living thing,task-3-find-non-living-thing
go to kitchen,False,66,3,Your task is to find a(n) non-living thing,task-3-find-non-living-thing
open door to bathroom,False,66,4,Your task is to find a(n) non-living thing,task-3-find-non-living-thing
go to bathroom,False,66,5,Your task is to find a(n) non-living thing,task-3-find-non-living-thing
focus on picture,False,66,6,Your task is to find a(n) non-living thing,task-3-find-non-living-thing
move picture to red box,False,66,7,Your task is to find a(n) non-living thing,task-3-find-non-living-thing
