action,landmark,variation,order,goal,task_id
open door to hallway,False,67,0,Your task is to find a(n) non-living thing,task-3-find-non-living-thing
go to hallway,False,67,1,Your task is to find a(n) non-living thing,task-3-find-non-living-thing
open door to kitchen,False,67,2,Your task is to find a(n) non-living thing,task-3-find-non-living-thing
go to kitchen,False,67,3,Your task is to find a(n) non-living thing,task-3-find-non-living-thing
open door to bathroom,False,67,4,Your task is to find a(n) non-living thing,task-3-find-non-living-thing
go to bathroom,False,67,5,Your task is to find a(n) non-living thing,task-3-find-non-living-thing
focus on painting,False,67,6,Your task is to find a(n) non-living thing,task-3-find-non-living-thing
move painting to green box,False,67,7,Your task is to find a(n) non-living thing,task-3-find-non-living-thing
