action,landmark,variation,order,goal,task_id
open door to kitchen,False,68,0,Your task is to find a(n) non-living thing,task-3-find-non-living-thing
go to kitchen,False,68,1,Your task is to find a(n) non-living thing,task-3-find-non-living-thing
open door to bathroom,False,68,2,Your task is to find a(n) non-living thing,task-3-find-non-living-thing
go to bathroom,False,68,3,Your task is to find a(n) non-living thing,task-3-find-non-living-thing
focus on cup,False,68,4,Your task is to find a(n) non-living thing,task-3-find-non-living-thing
move cup to blue box,False,68,5,Your task is to find a(n) non-living thing,task-3-find-non-living-thing
