action,landmark,variation,order,goal,task_id
open door to kitchen,False,7,0,Your task is to find a(n) non-living thing,task-3-find-non-living-thing
go to kitchen,False,7,1,Your task is to find a(n) non-living thing,task-3-find-non-living-thing
open door to bathroom,False,7,2,Your task is to find a(n) non-living thing,task-3-find-non-living-thing
go to bathroom,False,7,3,Your task is to find a(n) non-living thing,task-3-find-non-living-thing
focus on picture,False,7,4,Your task is to find a(n) non-living thing,task-3-find-non-living-thing
move picture to green box,False,7,5,Your task is to find a(n) non-living thing,task-3-find-non-living-thing
