action,landmark,variation,order,goal,task_id
open door to hallway,False,70,0,Your task is to find a(n) non-living thing,task-3-find-non-living-thing
go to hallway,False,70,1,Your task is to find a(n) non-living thing,task-3-find-non-living-thing
open door to kitchen,False,70,2,Your task is to find a(n) non-living thing,task-3-find-non-living-thing
go to kitchen,False,70,3,Your task is to find a(n) non-living thing,task-3-find-non-living-thing
open door to bathroom,False,70,4,Your task is to find a(n) non-living thing,task-3-find-non-living-thing
go to bathroom,False,70,5,Your task is to find a(n) non-living thing,task-3-find-non-living-thing
focus on cup,False,70,6,Your task is to find a(n) non-living thing,task-3-find-non-living-thing
move cup to yellow box,False,70,7,Your task is to find a(n) non-living thing,task-3-find-non-living-thing
