action,landmark,variation,order,goal,task_id
open door to kitchen,False,71,0,Your task is to find a(n) non-living thing,task-3-find-non-living-thing
go to kitchen,False,71,1,Your task is to find a(n) non-living thing,task-3-find-non-living-thing
open door to bathroom,False,71,2,Your task is to find a(n) non-living thing,task-3-find-non-living-thing
go to bathroom,False,71,3,Your task is to find a(n) non-living thing,task-3-find-non-living-thing
focus on picture,False,71,4,Your task is to find a(n) non-living thing,task-3-find-non-living-thing
move picture to purple box,False,71,5,Your task is to find a(n) non-living thing,task-3-find-non-living-thing
