action,landmark,variation,order,goal,task_id
open door to hallway,False,72,0,Your task is to find a(n) non-living thing,task-3-find-non-living-thing
go to hallway,False,72,1,Your task is to find a(n) non-living thing,task-3-find-non-living-thing
open door to living room,False,72,2,Your task is to find a(n) non-living thing,task-3-find-non-living-thing
go to living room,False,72,3,Your task is to find a(n) non-living thing,task-3-find-non-living-thing
focus on chair,False,72,4,Your task is to find a(n) non-living thing,task-3-find-non-living-thing
move chair to red box,False,72,5,Your task is to find a(n) non-living thing,task-3-find-non-living-thing
