action,landmark,variation,order,goal,task_id
open door to hallway,False,74,0,Your task is to find a(n) non-living thing,task-3-find-non-living-thing
go to hallway,False,74,1,Your task is to find a(n) non-living thing,task-3-find-non-living-thing
open door to living room,False,74,2,Your task is to find a(n) non-living thing,task-3-find-non-living-thing
go to living room,False,74,3,Your task is to find a(n) non-living thing,task-3-find-non-living-thing
focus on painting,False,74,4,Your task is to find a(n) non-living thing,task-3-find-non-living-thing
move painting to blue box,False,74,5,Your task is to find a(n) non-living thing,task-3-find-non-living-thing
