action,landmark,variation,order,goal,task_id
open door to hallway,False,77,0,Your task is to find a(n) non-living thing,task-3-find-non-living-thing
go to hallway,False,77,1,Your task is to find a(n) non-living thing,task-3-find-non-living-thing
open door to living room,False,77,2,Your task is to find a(n) non-living thing,task-3-find-non-living-thing
go to living room,False,77,3,Your task is to find a(n) non-living thing,task-3-find-non-living-thing
focus on object,False,77,4,Your task is to find a(n) non-living thing,task-3-find-non-living-thing
move object to purple box,False,77,5,Your task is to find a(n) non-living thing,task-3-find-non-living-thing
