action,landmark,variation,order,goal,task_id
open door to kitchen,False,80,0,Your task is to find a(n) non-living thing,task-3-find-non-living-thing
go to kitchen,False,80,1,Your task is to find a(n) non-living thing,task-3-find-non-living-thing
open door to hallway,False,80,2,Your task is to find a(n) non-living thing,task-3-find-non-living-thing
go to hallway,False,80,3,Your task is to find a(n) non-living thing,task-3-find-non-living-thing
open door to bedroom,False,80,4,Your task is to find a(n) non-living thing,task-3-find-non-living-thing
go to bedroom,False,80,5,Your task is to find a(n) non-living thing,task-3-find-non-living-thing
focus on table,False,80,6,Your task is to find a(n) non-living thing,task-3-find-non-living-thing
move table to blue box,False,80,7,Your task is to find a(n) non-living thing,task-3-find-non-living-thing
