action,landmark,variation,order,goal,task_id
open door to hallway,False,81,0,Your task is to find a(n) non-living thing,task-3-find-non-living-thing
go to hallway,False,81,1,Your task is to find a(n) non-living thing,task-3-find-non-living-thing
open door to bedroom,False,81,2,Your task is to find a(n) non-living thing,task-3-find-non-living-thing
go to bedroom,False,81,3,Your task is to find a(n) non-living thing,task-3-find-non-living-thing
focus on closet,False,81,4,Your task is to find a(n) non-living thing,task-3-find-non-living-thing
move closet to orange box,False,81,5,Your task is to find a(n) non-living thing,task-3-find-non-living-thing
