action,landmark,variation,order,goal,task_id
open door to hallway,False,82,0,Your task is to find a(n) non-living thing,task-3-find-non-living-thing
go to hallway,False,82,1,Your task is to find a(n) non-living thing,task-3-find-non-living-thing
open door to bedroom,False,82,2,Your task is to find a(n) non-living thing,task-3-find-non-living-thing
go to bedroom,False,82,3,Your task is to find a(n) non-living thing,task-3-find-non-living-thing
focus on table,False,82,4,Your task is to find a(n) non-living thing,task-3-find-non-living-thing
move table to yellow box,False,82,5,Your task is to find a(n) non-living thing,task-3-find-non-living-thing
