action,landmark,variation,order,goal,task_id
open door to hallway,False,85,0,Your task is to find a(n) non-living thing,task-3-find-non-living-thing
go to hallway,False,85,1,Your task is to find a(n) non-living thing,task-3-find-non-living-thing
open door to workshop,False,85,2,Your task is to find a(n) non-living thing,task-3-find-non-living-thing
go to workshop,False,85,3,Your task is to find a(n) non-living thing,task-3-find-non-living-thing
focus on orange wire,False,85,4,Your task is to find a(n) non-living thing,task-3-find-non-living-thing
move orange wire to green box,False,85,5,Your task is to find a(n) non-living thing,task-3-find-non-living-thing
