action,landmark,variation,order,goal,task_id
open door to hallway,False,86,0,Your task is to find a(n) non-living thing,task-3-find-non-living-thing
go to hallway,False,86,1,Your task is to find a(n) non-living thing,task-3-find-non-living-thing
open door to workshop,False,86,2,Your task is to find a(n) non-living thing,task-3-find-non-living-thing
go to workshop,False,86,3,Your task is to find a(n) non-living thing,task-3-find-non-living-thing
focus on black wire,False,86,4,Your task is to find a(n) non-living thing,task-3-find-non-living-thing
move black wire to blue box,False,86,5,Your task is to find a(n) non-living thing,task-3-find-non-living-thing
