action,landmark,variation,order,goal,task_id
open door to outside,False,87,0,Your task is to find a(n) non-living thing,task-3-find-non-living-thing
go to outside,False,87,1,Your task is to find a(n) non-living thing,task-3-find-non-living-thing
open door to kitchen,False,87,2,Your task is to find a(n) non-living thing,task-3-find-non-living-thing
go to kitchen,False,87,3,Your task is to find a(n) non-living thing,task-3-find-non-living-thing
open door to hallway,False,87,4,Your task is to find a(n) non-living thing,task-3-find-non-living-thing
go to hallway,False,87,5,Your task is to find a(n) non-living thing,task-3-find-non-living-thing
open door to workshop,False,87,6,Your task is to find a(n) non-living thing,task-3-find-non-living-thing
go to workshop,False,87,7,Your task is to find a(n) non-living thing,task-3-find-non-living-thing
focus on yellow wire,False,87,8,Your task is to find a(n) non-living thing,task-3-find-non-living-thing
move yellow wire to orange box,False,87,9,Your task is to find a(n) non-living thing,task-3-find-non-living-thing
