action,landmark,variation,order,goal,task_id
open door to hallway,False,9,0,Your task is to find a(n) non-living thing,task-3-find-non-living-thing
go to hallway,False,9,1,Your task is to find a(n) non-living thing,task-3-find-non-living-thing
open door to kitchen,False,9,2,Your task is to find a(n) non-living thing,task-3-find-non-living-thing
go to kitchen,False,9,3,Your task is to find a(n) non-living thing,task-3-find-non-living-thing
open door to bathroom,False,9,4,Your task is to find a(n) non-living thing,task-3-find-non-living-thing
go to bathroom,False,9,5,Your task is to find a(n) non-living thing,task-3-find-non-living-thing
focus on cup,False,9,6,Your task is to find a(n) non-living thing,task-3-find-non-living-thing
move cup to orange box,False,9,7,Your task is to find a(n) non-living thing,task-3-find-non-living-thing
