action,landmark,variation,order,goal,task_id
open door to hallway,False,90,0,Your task is to find a(n) non-living thing,task-3-find-non-living-thing
go to hallway,False,90,1,Your task is to find a(n) non-living thing,task-3-find-non-living-thing
open door to kitchen,False,90,2,Your task is to find a(n) non-living thing,task-3-find-non-living-thing
go to kitchen,False,90,3,Your task is to find a(n) non-living thing,task-3-find-non-living-thing
focus on soap,False,90,4,Your task is to find a(n) non-living thing,task-3-find-non-living-thing
move soap to red box,False,90,5,Your task is to find a(n) non-living thing,task-3-find-non-living-thing
