action,landmark,variation,order,goal,task_id
open door to hallway,False,91,0,Your task is to find a(n) non-living thing,task-3-find-non-living-thing
go to hallway,False,91,1,Your task is to find a(n) non-living thing,task-3-find-non-living-thing
open door to kitchen,False,91,2,Your task is to find a(n) non-living thing,task-3-find-non-living-thing
go to kitchen,False,91,3,Your task is to find a(n) non-living thing,task-3-find-non-living-thing
focus on lighter,False,91,4,Your task is to find a(n) non-living thing,task-3-find-non-living-thing
move lighter to green box,False,91,5,Your task is to find a(n) non-living thing,task-3-find-non-living-thing
