action,landmark,variation,order,goal,task_id
open door to outside,False,94,0,Your task is to find a(n) non-living thing,task-3-find-non-living-thing
go to outside,False,94,1,Your task is to find a(n) non-living thing,task-3-find-non-living-thing
open door to kitchen,False,94,2,Your task is to find a(n) non-living thing,task-3-find-non-living-thing
go to kitchen,False,94,3,Your task is to find a(n) non-living thing,task-3-find-non-living-thing
focus on painting,False,94,4,Your task is to find a(n) non-living thing,task-3-find-non-living-thing
move painting to yellow box,False,94,5,Your task is to find a(n) non-living thing,task-3-find-non-living-thing
