action,landmark,variation,order,goal,task_id
open door to hallway,False,96,0,Your task is to find a(n) non-living thing,task-3-find-non-living-thing
go to hallway,False,96,1,Your task is to find a(n) non-living thing,task-3-find-non-living-thing
open door to kitchen,False,96,2,Your task is to find a(n) non-living thing,task-3-find-non-living-thing
go to kitchen,False,96,3,Your task is to find a(n) non-living thing,task-3-find-non-living-thing
open door to bathroom,False,96,4,Your task is to find a(n) non-living thing,task-3-find-non-living-thing
go to bathroom,False,96,5,Your task is to find a(n) non-living thing,task-3-find-non-living-thing
focus on drawing,False,96,6,Your task is to find a(n) non-living thing,task-3-find-non-living-thing
move drawing to red box,False,96,7,Your task is to find a(n) non-living thing,task-3-find-non-living-thing
