action,landmark,variation,order,goal,task_id
open door to outside,False,97,0,Your task is to find a(n) non-living thing,task-3-find-non-living-thing
go to outside,False,97,1,Your task is to find a(n) non-living thing,task-3-find-non-living-thing
open door to kitchen,False,97,2,Your task is to find a(n) non-living thing,task-3-find-non-living-thing
go to kitchen,False,97,3,Your task is to find a(n) non-living thing,task-3-find-non-living-thing
open door to bathroom,False,97,4,Your task is to find a(n) non-living thing,task-3-find-non-living-thing
go to bathroom,False,97,5,Your task is to find a(n) non-living thing,task-3-find-non-living-thing
focus on drawing,False,97,6,Your task is to find a(n) non-living thing,task-3-find-non-living-thing
move drawing to green box,False,97,7,Your task is to find a(n) non-living thing,task-3-find-non-living-thing
