emb_dim,h_dim,latent_dim,categorical_dim,batch_size,save_model,initial_temp,min_temp,epochs,anneal_rate,current_epoch,train_loss,kld,recon_loss
100,100,15,2,128,False,1.0,0.5,50,3e-05,0,460.49655926952045,0.03419123660742166,460.46236744243134
100,100,15,2,128,False,1.0,0.5,50,3e-05,1,425.84417556003973,0.008131692198861534,425.8360432155883
100,100,15,2,128,False,1.0,0.5,50,3e-05,2,406.7733440926062,0.0052663800821161075,406.76807787141746
100,100,15,2,128,False,1.0,0.5,50,3e-05,3,389.29885172975656,0.00392268836313025,389.2949292936378
100,100,15,2,128,False,1.0,0.5,50,3e-05,4,372.645071293109,0.0032821037917197243,372.6417878714714
100,100,15,2,128,False,1.0,0.5,50,3e-05,5,356.53245890074675,0.003074286605915806,356.52938404399384
100,100,15,2,128,False,1.0,0.5,50,3e-05,6,340.8711991283775,0.003561734566619383,340.8676378450341
100,100,15,2,128,False,1.0,0.5,50,3e-05,7,325.6041644185946,0.003906048056077809,325.6002581685946
100,100,15,2,128,False,1.0,0.5,50,3e-05,8,310.7109619477836,0.004523568000716481,310.7064379275833
100,100,15,2,128,False,1.0,0.5,50,3e-05,9,296.16021644212924,0.006610042322941577,296.1536060986598
100,100,15,2,128,False,1.0,0.5,50,3e-05,10,281.9138269582506,0.009985714335282699,281.903841134593
100,100,15,2,128,False,1.0,0.5,50,3e-05,11,267.9695626780473,0.015434922583565857,267.95412803354844
100,100,15,2,128,False,1.0,0.5,50,3e-05,12,254.32113057342025,0.023602133755731648,254.29752817733512
100,100,15,2,128,False,1.0,0.5,50,3e-05,13,241.04002489964606,0.038178387977882644,241.00184614487117
100,100,15,2,128,False,1.0,0.5,50,3e-05,14,228.16129391496352,0.05793043668510506,228.10336329001748
100,100,15,2,128,False,1.0,0.5,50,3e-05,15,215.77729232535177,0.07891005273517324,215.6983817927745
100,100,15,2,128,False,1.0,0.5,50,3e-05,16,204.02012794452477,0.09784833103089043,203.9222797372723
100,100,15,2,128,False,1.0,0.5,50,3e-05,17,193.01848227147897,0.11573328197167064,192.90274916169392
100,100,15,2,128,False,1.0,0.5,50,3e-05,18,182.9220739543767,0.12770508295594,182.79436884927486
100,100,15,2,128,False,1.0,0.5,50,3e-05,19,173.93807367988714,0.13824034206445704,173.79983377193219
100,100,15,2,128,False,1.0,0.5,50,3e-05,20,166.02253310061292,0.15148028270315728,165.87105277888682
100,100,15,2,128,False,1.0,0.5,50,3e-05,21,159.19289073627957,0.16511727820114536,159.02777360947752
100,100,15,2,128,False,1.0,0.5,50,3e-05,22,153.3409049524128,0.17876299318358385,153.16214200014568
100,100,15,2,128,False,1.0,0.5,50,3e-05,23,148.46952339298818,0.19370535814630394,148.27581787109375
100,100,15,2,128,False,1.0,0.5,50,3e-05,24,144.52841186523438,0.2110651850865032,144.31734681524625
100,100,15,2,128,False,1.0,0.5,50,3e-05,25,141.01400073984053,0.22824405034931983,140.78575631663284
100,100,15,2,128,False,1.0,0.5,50,3e-05,26,138.12045127910804,0.24823112761118135,137.87222070852036
100,100,15,2,128,False,1.0,0.5,50,3e-05,27,135.62688134124923,0.26435171907448635,135.36252943850354
100,100,15,2,128,False,1.0,0.5,50,3e-05,28,133.5483543859661,0.27901057619086944,133.26934392939614
100,100,15,2,128,False,1.0,0.5,50,3e-05,29,131.66430524963042,0.291353822083763,131.37295144434134
100,100,15,2,128,False,1.0,0.5,50,3e-05,30,130.17164885800187,0.3068381421144496,129.86481050101432
100,100,15,2,128,False,1.0,0.5,50,3e-05,31,128.67981201509085,0.31758905873114235,128.36222333539257
100,100,15,2,128,False,1.0,0.5,50,3e-05,32,127.42210514637647,0.32760907355593055,127.09449616321542
100,100,15,2,128,False,1.0,0.5,50,3e-05,33,126.19736999174508,0.3363022470013213,125.86106767180216
100,100,15,2,128,False,1.0,0.5,50,3e-05,34,125.24535669147639,0.34190549425657285,124.90345068662864
100,100,15,2,128,False,1.0,0.5,50,3e-05,35,124.32980936798602,0.3514541369446075,123.97835502835268
100,100,15,2,128,False,1.0,0.5,50,3e-05,36,123.48614219539073,0.3594829392367305,123.12665933008353
100,100,15,2,128,False,1.0,0.5,50,3e-05,37,122.43121742543595,0.36305651151014295,122.0681611793476
100,100,15,2,128,False,1.0,0.5,50,3e-05,38,121.80368670047318,0.37023678718350866,121.43345005604444
100,100,15,2,128,False,1.0,0.5,50,3e-05,39,121.16354534507457,0.37713550138210067,120.78641004193554
100,100,15,2,128,False,1.0,0.5,50,3e-05,40,120.27776062686141,0.3838667974946249,119.8938937951188
100,100,15,2,128,False,1.0,0.5,50,3e-05,41,119.70928044608944,0.38966821570422766,119.31961232390852
100,100,15,2,128,False,1.0,0.5,50,3e-05,42,119.2147716711898,0.39628746265864506,118.81848435375572
100,100,15,2,128,False,1.0,0.5,50,3e-05,43,118.45068076960948,0.4017861276371044,118.04889468198323
100,100,15,2,128,False,1.0,0.5,50,3e-05,44,117.9214559734197,0.40523556237062697,117.51622038783289
100,100,15,2,128,False,1.0,0.5,50,3e-05,45,117.48502404650272,0.41024738220878726,117.07477658097915
100,100,15,2,128,False,1.0,0.5,50,3e-05,46,116.79574218244184,0.4141939998660957,116.38154804377265
100,100,15,2,128,False,1.0,0.5,50,3e-05,47,116.47083771426375,0.41844503951994755,116.05239282260284
100,100,15,2,128,False,1.0,0.5,50,3e-05,48,115.73424584826053,0.4234779439249091,115.31076800098735
100,100,15,2,128,False,1.0,0.5,50,3e-05,49,115.03643065394617,0.42849916318503534,114.6079313162282
100,100,30,2,128,False,1.0,0.5,50,3e-05,0,456.63246095773263,0.11829308414759722,456.51416824930936
100,100,30,2,128,False,1.0,0.5,50,3e-05,1,421.6615123432644,0.0327833396336321,421.6287287085096
100,100,30,2,128,False,1.0,0.5,50,3e-05,2,402.7281418268193,0.020978086931600096,402.7071646168746
100,100,30,2,128,False,1.0,0.5,50,3e-05,3,385.53879644067246,0.011803690714566089,385.5269933879705
100,100,30,2,128,False,1.0,0.5,50,3e-05,4,369.05123260666653,0.0076888783459258345,369.04354302000604
100,100,30,2,128,False,1.0,0.5,50,3e-05,5,353.0281761548796,0.007083719102305602,353.0210928732519
100,100,30,2,128,False,1.0,0.5,50,3e-05,6,337.4654927122,0.00764385727105549,337.45784999784183
100,100,30,2,128,False,1.0,0.5,50,3e-05,7,322.2957342158365,0.009601518789625299,322.2861323066838
100,100,30,2,128,False,1.0,0.5,50,3e-05,8,307.4806228553393,0.012274487757057116,307.4683483819277
100,100,30,2,128,False,1.0,0.5,50,3e-05,9,292.9837734159185,0.017108711815382566,292.9666660372065
100,100,30,2,128,False,1.0,0.5,50,3e-05,10,278.78929568127376,0.024267054734062096,278.76502864268605
100,100,30,2,128,False,1.0,0.5,50,3e-05,11,264.8824083528466,0.03651004224933314,264.84589845436057
100,100,30,2,128,False,1.0,0.5,50,3e-05,12,251.2840574485821,0.05398068653203506,251.23007657383027
100,100,30,2,128,False,1.0,0.5,50,3e-05,13,238.02789795596297,0.07271288537024134,237.95518468361533
100,100,30,2,128,False,1.0,0.5,50,3e-05,14,225.16381389133178,0.09423814010060294,225.0695763688061
100,100,30,2,128,False,1.0,0.5,50,3e-05,15,212.84409446084038,0.11498200852238671,212.7291126567356
100,100,30,2,128,False,1.0,0.5,50,3e-05,16,201.12387025949047,0.13321614323070693,200.99065394954786
100,100,30,2,128,False,1.0,0.5,50,3e-05,17,190.22930503550157,0.15190276343025555,190.07740185142222
100,100,30,2,128,False,1.0,0.5,50,3e-05,18,180.34019495505655,0.17055663178309552,180.16963887082937
100,100,30,2,128,False,1.0,0.5,50,3e-05,19,171.4272846200848,0.18609181985012074,171.24119281241906
100,100,30,2,128,False,1.0,0.5,50,3e-05,20,163.6133104187349,0.2002345700619629,163.41307506245144
100,100,30,2,128,False,1.0,0.5,50,3e-05,21,156.91735688098888,0.2140425151388948,156.70331358514437
100,100,30,2,128,False,1.0,0.5,50,3e-05,22,151.2069883399247,0.2267256318205628,150.9802627141963
100,100,30,2,128,False,1.0,0.5,50,3e-05,23,146.38995496212448,0.23838060929630342,146.15157465644964
100,100,30,2,128,False,1.0,0.5,50,3e-05,24,142.2901269902182,0.2499919321326261,142.04013483036948
100,100,30,2,128,False,1.0,0.5,50,3e-05,25,138.78353940847828,0.25865850675830526,138.52488076225828
100,100,30,2,128,False,1.0,0.5,50,3e-05,26,135.93057824234936,0.269900849263971,135.6606774093038
100,100,30,2,128,False,1.0,0.5,50,3e-05,27,133.3711345946591,0.2793988509731398,133.09173567123835
100,100,30,2,128,False,1.0,0.5,50,3e-05,28,131.36434949168842,0.2880978508548842,131.07625158320474
100,100,30,2,128,False,1.0,0.5,50,3e-05,29,129.47871689770102,0.2982704438557282,129.18044588710723
100,100,30,2,128,False,1.0,0.5,50,3e-05,30,128.04731387986664,0.3069839961620984,127.74033001641543
100,100,30,2,128,False,1.0,0.5,50,3e-05,31,126.68365807296163,0.3135782774970018,126.37007992570571
100,100,30,2,128,False,1.0,0.5,50,3e-05,32,125.61347523051731,0.3198950407584069,125.29358015534628
100,100,30,2,128,False,1.0,0.5,50,3e-05,33,124.60149181218438,0.3239595440540525,124.27753225084167
100,100,30,2,128,False,1.0,0.5,50,3e-05,34,124.27276038069752,0.3308554584808771,123.941904858331
100,100,30,2,128,False,1.0,0.5,50,3e-05,35,123.40505724322071,0.3371825973961235,123.06787471876619
100,100,30,2,128,False,1.0,0.5,50,3e-05,36,121.7542785728834,0.34308162940799863,121.41119700900758
100,100,30,2,128,False,1.0,0.5,50,3e-05,37,121.02518273453686,0.3481983359676698,120.67698433386028
100,100,30,2,128,False,1.0,0.5,50,3e-05,38,120.12186554123683,0.3536261623076971,119.76823960615127
100,100,30,2,128,False,1.0,0.5,50,3e-05,39,119.24589504853138,0.3582143518476855,118.8876806016785
100,100,30,2,128,False,1.0,0.5,50,3e-05,40,119.3989215661149,0.3627687106474987,119.03615291869443
100,100,30,2,128,False,1.0,0.5,50,3e-05,41,118.46332824032609,0.3663618526735358,118.09696644314086
100,100,30,2,128,False,1.0,0.5,50,3e-05,42,117.73531725130029,0.37139103672781043,117.36392650288113
100,100,30,2,128,False,1.0,0.5,50,3e-05,43,116.91607168629683,0.37615135098030555,116.53991998493342
100,100,30,2,128,False,1.0,0.5,50,3e-05,44,116.03558067195323,0.3807294404967714,115.65485120741702
100,100,30,2,128,False,1.0,0.5,50,3e-05,45,115.78929757808453,0.38458176953357887,115.40471543791544
100,100,30,2,128,False,1.0,0.5,50,3e-05,46,115.14892502252569,0.38851816795807514,114.76040699995684
100,100,30,2,128,False,1.0,0.5,50,3e-05,47,115.20639990706471,0.39231510979035944,114.81408527015981
100,100,30,2,128,False,1.0,0.5,50,3e-05,48,114.83585012024938,0.39668777914337033,114.43916219637539
100,100,30,2,128,False,1.0,0.5,50,3e-05,49,113.82147937584978,0.4000829733208398,113.42139632925803
100,200,15,2,128,False,1.0,0.5,50,3e-05,0,455.31940489711025,0.028178652141304966,455.2912265503604
100,200,15,2,128,False,1.0,0.5,50,3e-05,1,423.89603959394424,0.0050556244719670625,423.8909836236943
100,200,15,2,128,False,1.0,0.5,50,3e-05,2,405.28988546297694,0.0030814214797371493,405.2868031875863
100,200,15,2,128,False,1.0,0.5,50,3e-05,3,388.1229030545904,0.0026634459400508366,388.1202397636287
100,200,15,2,128,False,1.0,0.5,50,3e-05,4,371.6279421642999,0.00260443561478873,371.62533839104583
100,200,15,2,128,False,1.0,0.5,50,3e-05,5,355.63765130648954,0.002904508891901341,355.63474758422177
100,200,15,2,128,False,1.0,0.5,50,3e-05,6,340.0683758983296,0.004163406993833612,340.06421201927225
100,200,15,2,128,False,1.0,0.5,50,3e-05,7,324.87592092271666,0.006307233809313392,324.86961322594743
100,200,15,2,128,False,1.0,0.5,50,3e-05,8,310.0213317871094,0.011402484688146338,310.0099288350311
100,200,15,2,128,False,1.0,0.5,50,3e-05,9,295.4777098597743,0.02318198049636506,295.4545277969613
100,200,15,2,128,False,1.0,0.5,50,3e-05,10,281.20371511891403,0.049870954476585044,281.1538440008848
100,200,15,2,128,False,1.0,0.5,50,3e-05,11,267.1411969095304,0.07457450839037395,267.06662240212796
100,200,15,2,128,False,1.0,0.5,50,3e-05,12,253.30358566368483,0.098444319932171,253.2051414363292
100,200,15,2,128,False,1.0,0.5,50,3e-05,13,239.647418786149,0.12194045793614994,239.5254782998101
100,200,15,2,128,False,1.0,0.5,50,3e-05,14,226.39442469138467,0.1392892976162842,226.2551355520006
100,200,15,2,128,False,1.0,0.5,50,3e-05,15,213.55611727382598,0.15200689245653415,213.40411048172587
100,200,15,2,128,False,1.0,0.5,50,3e-05,16,201.31496863602274,0.16589149157645294,201.14907710460008
100,200,15,2,128,False,1.0,0.5,50,3e-05,17,189.844410848881,0.17762717300027772,189.66678395982606
100,200,15,2,128,False,1.0,0.5,50,3e-05,18,179.3098350229843,0.19402850555122228,179.1158063688331
100,200,15,2,128,False,1.0,0.5,50,3e-05,19,169.6454240999169,0.21323252152342823,169.4321919646711
100,200,15,2,128,False,1.0,0.5,50,3e-05,20,161.3697801452974,0.23579184785073634,161.13398767966592
100,200,15,2,128,False,1.0,0.5,50,3e-05,21,154.02069150808765,0.2623084581030008,153.75838348220066
100,200,15,2,128,False,1.0,0.5,50,3e-05,22,147.7568411642675,0.2806624995740079,147.47617909131128
100,200,15,2,128,False,1.0,0.5,50,3e-05,23,142.4691493418994,0.3025916098560418,142.16655735416307
100,200,15,2,128,False,1.0,0.5,50,3e-05,24,137.86393080231892,0.3179073686099184,137.54602333195302
100,200,15,2,128,False,1.0,0.5,50,3e-05,25,134.09537358573786,0.3324856020469033,133.76288769126597
100,200,15,2,128,False,1.0,0.5,50,3e-05,26,130.531955402859,0.34808065466459287,130.18387511026793
100,200,15,2,128,False,1.0,0.5,50,3e-05,27,127.5034154818203,0.3621603825145005,127.1412546147299
100,200,15,2,128,False,1.0,0.5,50,3e-05,28,125.37010150719743,0.372841256264165,124.99726041509301
100,200,15,2,128,False,1.0,0.5,50,3e-05,29,123.23787883105199,0.38254961569006274,122.85532893396874
100,200,15,2,128,False,1.0,0.5,50,3e-05,30,121.42031480989404,0.38916828372201867,121.03114630767654
100,200,15,2,128,False,1.0,0.5,50,3e-05,31,119.5020011353888,0.39893603423682367,119.10306498490644
100,200,15,2,128,False,1.0,0.5,50,3e-05,32,117.66370665829484,0.40642880833609984,117.25727772580984
100,200,15,2,128,False,1.0,0.5,50,3e-05,33,116.00430141891563,0.4138970332251069,115.59040448942237
100,200,15,2,128,False,1.0,0.5,50,3e-05,34,115.01649706930087,0.41915882736938437,114.59733817590535
100,200,15,2,128,False,1.0,0.5,50,3e-05,35,113.55499440398664,0.42688961565823846,113.12810474206071
100,200,15,2,128,False,1.0,0.5,50,3e-05,36,112.31386991890754,0.434368131733731,111.87950167998424
100,200,15,2,128,False,1.0,0.5,50,3e-05,37,110.99355185492921,0.44120503196400174,110.55234696193294
100,200,15,2,128,False,1.0,0.5,50,3e-05,38,109.87233721485454,0.446661799487488,109.42567549226034
100,200,15,2,128,False,1.0,0.5,50,3e-05,39,109.35409963196813,0.45026428989283945,108.90383523340384
100,200,15,2,128,False,1.0,0.5,50,3e-05,40,108.45127324899916,0.4543383113257793,107.99693483805788
100,200,15,2,128,False,1.0,0.5,50,3e-05,41,107.40543230594193,0.4611874387409147,106.94424459552238
100,200,15,2,128,False,1.0,0.5,50,3e-05,42,106.72880714374352,0.4647834090238118,106.26402367017546
100,200,15,2,128,False,1.0,0.5,50,3e-05,43,105.60059706545667,0.4697492086426329,105.13084753047036
100,200,15,2,128,False,1.0,0.5,50,3e-05,44,104.9691561282669,0.4732416593238135,104.49591469106095
100,200,15,2,128,False,1.0,0.5,50,3e-05,45,104.23737836806156,0.47801636332306413,103.75936223657092
100,200,15,2,128,False,1.0,0.5,50,3e-05,46,103.4267177265652,0.48223592382109626,102.94448186547717
100,200,15,2,128,False,1.0,0.5,50,3e-05,47,103.06319191442668,0.4846152897039171,102.57857656742328
100,200,15,2,128,False,1.0,0.5,50,3e-05,48,102.75132848412952,0.4873034758133124,102.26402472395924
100,200,15,2,128,False,1.0,0.5,50,3e-05,49,102.38163087117738,0.4918345911068152,101.88979617798526
100,200,30,2,128,False,1.0,0.5,50,3e-05,0,453.29853997836454,0.06639638933152454,453.2321440132942
100,200,30,2,128,False,1.0,0.5,50,3e-05,1,421.92878562969395,0.006817606905506131,421.9219677329722
100,200,30,2,128,False,1.0,0.5,50,3e-05,2,403.6416443882726,0.004903344852973331,403.63674100591334
100,200,30,2,128,False,1.0,0.5,50,3e-05,3,386.6299541325859,0.004894368041780114,386.6250603607346
100,200,30,2,128,False,1.0,0.5,50,3e-05,4,370.2493646948377,0.006408454083647188,370.24295583482603
100,200,30,2,128,False,1.0,0.5,50,3e-05,5,354.321500662282,0.008660904584627455,354.3128399084945
100,200,30,2,128,False,1.0,0.5,50,3e-05,6,338.7972538563428,0.013605149684072528,338.78364790605576
100,200,30,2,128,False,1.0,0.5,50,3e-05,7,323.6309359218534,0.02446821562493045,323.60646858004577
100,200,30,2,128,False,1.0,0.5,50,3e-05,8,308.78520025601046,0.04383866316047163,308.7413604904934
100,200,30,2,128,False,1.0,0.5,50,3e-05,9,294.1785517739986,0.07352008588241608,294.1050317247928
100,200,30,2,128,False,1.0,0.5,50,3e-05,10,279.7546046135834,0.10018182455340802,279.6544214743936
100,200,30,2,128,False,1.0,0.5,50,3e-05,11,265.51633474444816,0.12269356912670873,265.39364076055875
100,200,30,2,128,False,1.0,0.5,50,3e-05,12,251.60685932306953,0.14551832271708967,251.4613412256399
100,200,30,2,128,False,1.0,0.5,50,3e-05,13,237.9293708590513,0.16795422202645086,237.76141669341874
100,200,30,2,128,False,1.0,0.5,50,3e-05,14,224.7519110579517,0.18727230548200027,224.5646386752471
100,200,30,2,128,False,1.0,0.5,50,3e-05,15,212.1011331463387,0.21137007766336366,211.88976334208283
100,200,30,2,128,False,1.0,0.5,50,3e-05,16,199.97732063419912,0.23131000015946382,199.74601088044392
100,200,30,2,128,False,1.0,0.5,50,3e-05,17,188.84244592150273,0.25817018903750744,188.58427555653273
100,200,30,2,128,False,1.0,0.5,50,3e-05,18,178.43923781589908,0.27358705019423973,178.16565084720844
100,200,30,2,128,False,1.0,0.5,50,3e-05,19,168.9875827178112,0.28587536538503444,168.70170728146041
100,200,30,2,128,False,1.0,0.5,50,3e-05,20,161.1311962485972,0.3028006873078109,160.82839603318695
100,200,30,2,128,False,1.0,0.5,50,3e-05,21,153.2148933199888,0.315487416903617,152.8994057165325
100,200,30,2,128,False,1.0,0.5,50,3e-05,22,146.69246644078038,0.3296783530251097,146.36278807919328
100,200,30,2,128,False,1.0,0.5,50,3e-05,23,141.2995065931457,0.3417404361522,140.95776653816688
100,200,30,2,128,False,1.0,0.5,50,3e-05,24,137.09941703838538,0.35149918093207133,136.74791789186594
100,200,30,2,128,False,1.0,0.5,50,3e-05,25,133.15673748037432,0.3607021662411769,132.79603568229885
100,200,30,2,128,False,1.0,0.5,50,3e-05,26,129.67179491243309,0.371777662256146,129.30001687740094
100,200,30,2,128,False,1.0,0.5,50,3e-05,27,126.59600218883536,0.37801427719342773,126.21798773496849
100,200,30,2,128,False,1.0,0.5,50,3e-05,28,124.0970666369022,0.38446623037533206,123.7126004550997
100,200,30,2,128,False,1.0,0.5,50,3e-05,29,121.67927226704128,0.39160091541090064,121.287671631871
100,200,30,2,128,False,1.0,0.5,50,3e-05,30,119.69375563985076,0.39895688269019786,119.29479866660103
100,200,30,2,128,False,1.0,0.5,50,3e-05,31,118.04378260828514,0.4050136389653327,117.6387688231073
100,200,30,2,128,False,1.0,0.5,50,3e-05,32,116.3702079393587,0.4102780199841241,115.95992995625701
100,200,30,2,128,False,1.0,0.5,50,3e-05,33,114.77800430382155,0.4158612241073208,114.36214307922026
100,200,30,2,128,False,1.0,0.5,50,3e-05,34,113.14835627434663,0.4205550946583405,112.72780111744918
100,200,30,2,128,False,1.0,0.5,50,3e-05,35,111.94962610065608,0.4268376239426228,111.52278853779998
100,200,30,2,128,False,1.0,0.5,50,3e-05,36,110.67339333381442,0.4309858044208084,110.24240748790088
100,200,30,2,128,False,1.0,0.5,50,3e-05,37,109.46181201407923,0.4360864280995743,109.02572547533235
100,200,30,2,128,False,1.0,0.5,50,3e-05,38,108.32926995714725,0.4393890147709715,107.88988094435213
100,200,30,2,128,False,1.0,0.5,50,3e-05,39,107.53924632204172,0.44474972348186853,107.09449692193975
100,200,30,2,128,False,1.0,0.5,50,3e-05,40,106.54947030083251,0.4476614251979807,106.10180883249525
100,200,30,2,128,False,1.0,0.5,50,3e-05,41,105.82913380828352,0.4516020283843931,105.37753194735195
100,200,30,2,128,False,1.0,0.5,50,3e-05,42,105.41241552026233,0.45586440839820147,104.95655089320398
100,200,30,2,128,False,1.0,0.5,50,3e-05,43,104.43096026004349,0.4584079493475224,103.97255243122248
100,200,30,2,128,False,1.0,0.5,50,3e-05,44,103.66742301645859,0.4620247013990392,103.20539834881356
100,200,30,2,128,False,1.0,0.5,50,3e-05,45,102.9752109590815,0.4657601972640549,102.50945121807288
100,200,30,2,128,False,1.0,0.5,50,3e-05,46,102.89839610737332,0.4680751180121912,102.4303209083515
100,200,30,2,128,False,1.0,0.5,50,3e-05,47,101.99360163567475,0.471367792200647,101.5222339946262
100,200,30,2,128,False,1.0,0.5,50,3e-05,48,101.34209568592725,0.4741844408090602,100.8679114073021
100,200,30,2,128,False,1.0,0.5,50,3e-05,49,100.9830637136217,0.47668938906811875,100.50637463311465
100,300,15,2,128,False,1.0,0.5,50,3e-05,0,449.50563782749913,0.03677347745586866,449.46886397725314
100,300,15,2,128,False,1.0,0.5,50,3e-05,1,419.8180528503755,0.002690282378227383,419.8153625825492
100,300,15,2,128,False,1.0,0.5,50,3e-05,2,401.731673604217,0.0019486656538545261,401.72972520016833
100,300,15,2,128,False,1.0,0.5,50,3e-05,3,384.79323649538156,0.001780041549431973,384.79145787697473
100,300,15,2,128,False,1.0,0.5,50,3e-05,4,368.42619129834253,0.0021317361343332992,368.42405776556024
100,300,15,2,128,False,1.0,0.5,50,3e-05,5,352.48512293357214,0.00275588510442237,352.48236539218965
100,300,15,2,128,False,1.0,0.5,50,3e-05,6,336.93234522698333,0.0032304778581907076,336.9291150846534
100,300,15,2,128,False,1.0,0.5,50,3e-05,7,321.74891249514417,0.004638217686732089,321.74427449769075
100,300,15,2,128,False,1.0,0.5,50,3e-05,8,306.90149195549895,0.006799540539061167,306.89469193095
100,300,15,2,128,False,1.0,0.5,50,3e-05,9,292.3591446850181,0.010481811035939015,292.3486621498403
100,300,15,2,128,False,1.0,0.5,50,3e-05,10,278.07965037309003,0.01907637619120146,278.06057452628625
100,300,15,2,128,False,1.0,0.5,50,3e-05,11,264.0483748293713,0.039097663807523185,264.0092769222365
100,300,15,2,128,False,1.0,0.5,50,3e-05,12,250.2633473939,0.0776349278321253,250.18571193969052
100,300,15,2,128,False,1.0,0.5,50,3e-05,13,236.66491977417667,0.12110910675802283,236.5438102595714
100,300,15,2,128,False,1.0,0.5,50,3e-05,14,223.392434979012,0.15685320855504242,223.23558196178456
100,300,15,2,128,False,1.0,0.5,50,3e-05,15,210.57473822324974,0.18208584238811093,210.39265239568047
100,300,15,2,128,False,1.0,0.5,50,3e-05,16,198.31032490598562,0.20644806251341466,198.1038768620781
100,300,15,2,128,False,1.0,0.5,50,3e-05,17,186.84201732656572,0.22638579972541134,186.61563144072645
100,300,15,2,128,False,1.0,0.5,50,3e-05,18,176.25119204020632,0.24888960300888147,176.0023023910944
100,300,15,2,128,False,1.0,0.5,50,3e-05,19,166.62983728904092,0.2800434789934211,166.34979382931198
100,300,15,2,128,False,1.0,0.5,50,3e-05,20,157.93739074369822,0.3028140188251411,157.6345765340394
100,300,15,2,128,False,1.0,0.5,50,3e-05,21,150.55587642100633,0.32426080305273364,150.23161577256346
100,300,15,2,128,False,1.0,0.5,50,3e-05,22,144.29606249055809,0.34770502322945146,143.94835734499094
100,300,15,2,128,False,1.0,0.5,50,3e-05,23,138.88933365121073,0.3690667578857907,138.52026729689118
100,300,15,2,128,False,1.0,0.5,50,3e-05,24,134.08422838917096,0.3846993174671468,133.69952873103526
100,300,15,2,128,False,1.0,0.5,50,3e-05,25,130.1330866523869,0.3925310063757291,129.74055590550543
100,300,15,2,128,False,1.0,0.5,50,3e-05,26,126.77768804223498,0.404946763541817,126.37274102479714
100,300,15,2,128,False,1.0,0.5,50,3e-05,27,123.95098008635294,0.418131530614189,123.53284896934889
100,300,15,2,128,False,1.0,0.5,50,3e-05,28,121.07198236792127,0.4266310088871592,120.64535159959318
100,300,15,2,128,False,1.0,0.5,50,3e-05,29,118.81693120292537,0.43451347387298034,118.38241775259787
100,300,15,2,128,False,1.0,0.5,50,3e-05,30,116.78262316456157,0.4381757362112815,116.34444735195096
100,300,15,2,128,False,1.0,0.5,50,3e-05,31,114.56195304406941,0.44244496516101267,114.11950797402397
100,300,15,2,128,False,1.0,0.5,50,3e-05,32,113.24157790716181,0.44865737863667104,112.79292027594634
100,300,15,2,128,False,1.0,0.5,50,3e-05,33,111.98638865434003,0.45425119106940803,111.53213715948452
100,300,15,2,128,False,1.0,0.5,50,3e-05,34,110.42592131893937,0.4586020495680814,109.9673192145416
100,300,15,2,128,False,1.0,0.5,50,3e-05,35,108.67652138557223,0.4638391858306379,108.21268231302335
100,300,15,2,128,False,1.0,0.5,50,3e-05,36,108.1738282093027,0.46789105853981733,107.70593721168476
100,300,15,2,128,False,1.0,0.5,50,3e-05,37,107.37158413881755,0.47157535467358586,106.90000873375993
100,300,15,2,128,False,1.0,0.5,50,3e-05,38,105.7143743104039,0.47674227271290776,105.23763216134593
100,300,15,2,128,False,1.0,0.5,50,3e-05,39,104.3983362524549,0.4821832326565,103.91615303840426
100,300,15,2,128,False,1.0,0.5,50,3e-05,40,103.82595926358555,0.4859955442544505,103.339963839199
100,300,15,2,128,False,1.0,0.5,50,3e-05,41,102.669567972257,0.49196423071524054,102.1776034529038
100,300,15,2,128,False,1.0,0.5,50,3e-05,42,101.80867328959934,0.4952490118985677,101.31342446343017
100,300,15,2,128,False,1.0,0.5,50,3e-05,43,100.8249848929558,0.4998219940214526,100.32516277165703
100,300,15,2,128,False,1.0,0.5,50,3e-05,44,100.17023151882445,0.5030760249709556,99.66715581904458
100,300,15,2,128,False,1.0,0.5,50,3e-05,45,100.13317774145642,0.5039098333587962,99.62926790859159
100,300,15,2,128,False,1.0,0.5,50,3e-05,46,99.22464119927001,0.5073155223993965,98.7173255793956
100,300,15,2,128,False,1.0,0.5,50,3e-05,47,98.170174783106,0.5114676048413166,97.65870742376337
100,300,15,2,128,False,1.0,0.5,50,3e-05,48,97.67265922588538,0.5139926999642704,97.15866649480157
100,300,15,2,128,False,1.0,0.5,50,3e-05,49,97.32493485930216,0.5153862647918048,96.80954864670558
100,300,30,2,128,False,1.0,0.5,50,3e-05,0,449.04903196893343,0.052439454632929594,448.996592484785
100,300,30,2,128,False,1.0,0.5,50,3e-05,1,419.46924468825534,0.003130602354482228,419.46611385450836
100,300,30,2,128,False,1.0,0.5,50,3e-05,2,401.60223354950796,0.002464036916470083,401.5997693815284
100,300,30,2,128,False,1.0,0.5,50,3e-05,3,384.7774245119885,0.0025287855233873616,384.7748947565068
100,300,30,2,128,False,1.0,0.5,50,3e-05,4,368.4587272517589,0.003095433180277025,368.45563233096294
100,300,30,2,128,False,1.0,0.5,50,3e-05,5,352.5596375860562,0.004270676375515965,352.5553669797781
100,300,30,2,128,False,1.0,0.5,50,3e-05,6,337.056649392481,0.006522430734739778,337.05012689242704
100,300,30,2,128,False,1.0,0.5,50,3e-05,7,321.91086928225354,0.01127111367387337,321.89959750517954
100,300,30,2,128,False,1.0,0.5,50,3e-05,8,307.08274546249135,0.02331404986878785,307.05943020140927
100,300,30,2,128,False,1.0,0.5,50,3e-05,9,292.52862144175157,0.04801512308912712,292.4806061634043
100,300,30,2,128,False,1.0,0.5,50,3e-05,10,278.1877402627007,0.08918265874873209,278.09855761448983
100,300,30,2,128,False,1.0,0.5,50,3e-05,11,263.99263523165035,0.12368230422886696,263.8689527142772
100,300,30,2,128,False,1.0,0.5,50,3e-05,12,249.94990590132403,0.16034109100123137,249.78956469119584
100,300,30,2,128,False,1.0,0.5,50,3e-05,13,236.0654038908732,0.19076385254359376,235.87464053327867
100,300,30,2,128,False,1.0,0.5,50,3e-05,14,222.64506362156314,0.22284541225565072,222.42221861781337
100,300,30,2,128,False,1.0,0.5,50,3e-05,15,209.7411988822136,0.2532625064994749,209.4879358618299
100,300,30,2,128,False,1.0,0.5,50,3e-05,16,197.23317840744778,0.2890379680783709,196.94414111395568
100,300,30,2,128,False,1.0,0.5,50,3e-05,17,185.43534800492597,0.3135798077886276,185.12176791870792
100,300,30,2,128,False,1.0,0.5,50,3e-05,18,174.40429072090276,0.33273371691861864,174.07155672357885
100,300,30,2,128,False,1.0,0.5,50,3e-05,19,164.44871967800415,0.35122940075990244,164.09749051088787
100,300,30,2,128,False,1.0,0.5,50,3e-05,20,155.4334173044447,0.36653661727905273,155.06688011548795
100,300,30,2,128,False,1.0,0.5,50,3e-05,21,147.72904015641186,0.37790649124930575,147.3511333992468
100,300,30,2,128,False,1.0,0.5,50,3e-05,22,143.9016539852922,0.38884411085376425,143.5128097112666
100,300,30,2,128,False,1.0,0.5,50,3e-05,23,136.9211150532928,0.39893168787271277,136.52218269643203
100,300,30,2,128,False,1.0,0.5,50,3e-05,24,130.97237889411042,0.4090267688200619,130.56335246892266
100,300,30,2,128,False,1.0,0.5,50,3e-05,25,126.6485219713074,0.4172628283171364,126.23125963579884
100,300,30,2,128,False,1.0,0.5,50,3e-05,26,122.69166130782492,0.42398590705671363,122.26767566322621
100,300,30,2,128,False,1.0,0.5,50,3e-05,27,119.87110867157826,0.4308775841201867,119.44023102818274
100,300,30,2,128,False,1.0,0.5,50,3e-05,28,116.88309997221383,0.4394010745030082,116.44369903058637
100,300,30,2,128,False,1.0,0.5,50,3e-05,29,114.73027797298536,0.44470881987671823,114.2855688274236
100,300,30,2,128,False,1.0,0.5,50,3e-05,30,112.84210116560288,0.45025114311697734,112.39185004471415
100,300,30,2,128,False,1.0,0.5,50,3e-05,31,111.36497994944536,0.45480498276362763,110.9101750073512
100,300,30,2,128,False,1.0,0.5,50,3e-05,32,110.01432720205402,0.459687489007718,109.55463974251931
100,300,30,2,128,False,1.0,0.5,50,3e-05,33,108.48150714853192,0.4643381815918243,108.01716900398718
100,300,30,2,128,False,1.0,0.5,50,3e-05,34,107.24307925398179,0.4685989488224957,106.77448011366702
100,300,30,2,128,False,1.0,0.5,50,3e-05,35,106.04045505418303,0.47273657186913887,105.56771825295127
100,300,30,2,128,False,1.0,0.5,50,3e-05,36,104.80498095770567,0.4780139014207197,104.32696739744745
100,300,30,2,128,False,1.0,0.5,50,3e-05,37,103.961308094678,0.48187963376387705,103.47942853896
100,300,30,2,128,False,1.0,0.5,50,3e-05,38,102.94059816644996,0.4859312611390214,102.45466706502503
100,300,30,2,128,False,1.0,0.5,50,3e-05,39,101.98719610561982,0.48996890299228013,101.49722719982843
100,300,30,2,128,False,1.0,0.5,50,3e-05,40,100.602839643784,0.49311299663222297,100.109726500116
100,300,30,2,128,False,1.0,0.5,50,3e-05,41,99.52339307247604,0.4962760028918145,99.02711701788296
100,300,30,2,128,False,1.0,0.5,50,3e-05,42,98.5574071051666,0.4995834396030363,98.05782368696856
100,300,30,2,128,False,1.0,0.5,50,3e-05,43,97.72512884824974,0.5031875915290243,97.22194136308701
100,300,30,2,128,False,1.0,0.5,50,3e-05,44,96.89833397628195,0.5052190429597928,96.39311500675771
100,300,30,2,128,False,1.0,0.5,50,3e-05,45,96.20018422669469,0.5083898416210934,95.69179463254812
100,300,30,2,128,False,1.0,0.5,50,3e-05,46,95.64383828178954,0.5108972590272598,95.1329408508638
100,300,30,2,128,False,1.0,0.5,50,3e-05,47,95.3711043299891,0.5127437802968104,94.8583604169814
100,300,30,2,128,False,1.0,0.5,50,3e-05,48,94.43722083160232,0.5155148621422151,93.92170597308248
100,300,30,2,128,False,1.0,0.5,50,3e-05,49,94.57860459807169,0.5172087546870194,94.06139614041997
200,100,15,2,128,False,1.0,0.5,50,3e-05,0,456.1212488669717,0.021743910237940964,456.0995041652279
200,100,15,2,128,False,1.0,0.5,50,3e-05,1,423.1004638671875,0.006461861322103943,423.094001222052
200,100,15,2,128,False,1.0,0.5,50,3e-05,2,404.29230157841636,0.00549355745367006,404.2868077399322
200,100,15,2,128,False,1.0,0.5,50,3e-05,3,386.8226018241756,0.005437012460823711,386.81716514292344
200,100,15,2,128,False,1.0,0.5,50,3e-05,4,370.14255586908666,0.00597504729878425,370.1365798191471
200,100,15,2,128,False,1.0,0.5,50,3e-05,5,354.0150360613238,0.007118609913969566,354.0079177097721
200,100,15,2,128,False,1.0,0.5,50,3e-05,6,338.33969318537424,0.009194799436472398,338.33049778385055
200,100,15,2,128,False,1.0,0.5,50,3e-05,7,323.059653772175,0.012942117319869403,323.0467117899689
200,100,15,2,128,False,1.0,0.5,50,3e-05,8,308.1463493220714,0.01950639768282353,308.1268431942766
200,100,15,2,128,False,1.0,0.5,50,3e-05,9,293.55720275541694,0.030377054566424855,293.5268261314097
200,100,15,2,128,False,1.0,0.5,50,3e-05,10,279.26495277025424,0.044116410339323196,279.22083581745295
200,100,15,2,128,False,1.0,0.5,50,3e-05,11,265.25145388439876,0.061675689641118706,265.1897780276135
200,100,15,2,128,False,1.0,0.5,50,3e-05,12,251.54744454905472,0.08148443178165683,251.46595983347183
200,100,15,2,128,False,1.0,0.5,50,3e-05,13,238.17603677148978,0.10025943856871589,238.07577641102492
200,100,15,2,128,False,1.0,0.5,50,3e-05,14,225.2149151543886,0.12004684644509415,225.09486810673667
200,100,15,2,128,False,1.0,0.5,50,3e-05,15,212.80275368031874,0.13889693966886615,212.6638568857098
200,100,15,2,128,False,1.0,0.5,50,3e-05,16,201.07731527254725,0.15498293088285964,200.92233192064487
200,100,15,2,128,False,1.0,0.5,50,3e-05,17,190.13388719084514,0.1683794610737437,189.96550788668637
200,100,15,2,128,False,1.0,0.5,50,3e-05,18,180.21048007353895,0.18323551225398785,180.02724452571974
200,100,15,2,128,False,1.0,0.5,50,3e-05,19,171.29310186396646,0.19830215224244976,171.09479948433724
200,100,15,2,128,False,1.0,0.5,50,3e-05,20,163.50075956734506,0.21333346676431308,163.28742576304063
200,100,15,2,128,False,1.0,0.5,50,3e-05,21,156.79897658205823,0.22855553508463486,156.570421419091
200,100,15,2,128,False,1.0,0.5,50,3e-05,22,151.04328758281898,0.24553183865481318,150.79775579463052
200,100,15,2,128,False,1.0,0.5,50,3e-05,23,146.16976945571477,0.2640913906841647,145.90567825907502
200,100,15,2,128,False,1.0,0.5,50,3e-05,24,142.136760901351,0.2784846676976641,141.858275945674
200,100,15,2,128,False,1.0,0.5,50,3e-05,25,138.68307402384215,0.29413331378230734,138.38894084277075
200,100,15,2,128,False,1.0,0.5,50,3e-05,26,135.79243688425308,0.3089168539363376,135.48352054996386
200,100,15,2,128,False,1.0,0.5,50,3e-05,27,133.25011486243147,0.3219151842660008,132.92819930440155
200,100,15,2,128,False,1.0,0.5,50,3e-05,28,131.22070261918378,0.3355915044223406,130.88511135038092
200,100,15,2,128,False,1.0,0.5,50,3e-05,29,129.40181260082602,0.3462214469909668,129.05559084560332
200,100,15,2,128,False,1.0,0.5,50,3e-05,30,127.75887977220735,0.3547636155265471,127.40411583494745
200,100,15,2,128,False,1.0,0.5,50,3e-05,31,126.31780453676677,0.36596764665282233,125.95183698116745
200,100,15,2,128,False,1.0,0.5,50,3e-05,32,124.99763092546831,0.3718957484427078,124.62573461374525
200,100,15,2,128,False,1.0,0.5,50,3e-05,33,123.76729482576992,0.37898027040681787,123.38831434724081
200,100,15,2,128,False,1.0,0.5,50,3e-05,34,122.69159909243083,0.38601428336201454,122.30558473365741
200,100,15,2,128,False,1.0,0.5,50,3e-05,35,121.7470156000464,0.3919297491318613,121.35508593143021
200,100,15,2,128,False,1.0,0.5,50,3e-05,36,120.80089012693963,0.39790834428855726,120.4029817106974
200,100,15,2,128,False,1.0,0.5,50,3e-05,37,120.02829978479207,0.40503494383880445,119.62326475533332
200,100,15,2,128,False,1.0,0.5,50,3e-05,38,119.08044222836995,0.4098725560949652,118.67056961481084
200,100,15,2,128,False,1.0,0.5,50,3e-05,39,118.35277570018452,0.4141973485933483,117.93857852661807
200,100,15,2,128,False,1.0,0.5,50,3e-05,40,117.79229491850289,0.4195484718235817,117.37274646232142
200,100,15,2,128,False,1.0,0.5,50,3e-05,41,117.1343742075546,0.42389283983746945,116.71048129592812
200,100,15,2,128,False,1.0,0.5,50,3e-05,42,116.65207950318057,0.4275069679673864,116.22457261902193
200,100,15,2,128,False,1.0,0.5,50,3e-05,43,116.03708867868666,0.432061865843462,115.6050267509334
200,100,15,2,128,False,1.0,0.5,50,3e-05,44,115.5877141794447,0.43749135600927785,115.15022298907706
200,100,15,2,128,False,1.0,0.5,50,3e-05,45,115.17916039735573,0.44120577833929114,114.73795478778649
200,100,15,2,128,False,1.0,0.5,50,3e-05,46,114.55806660520437,0.44584987720073255,114.11221654902505
200,100,15,2,128,False,1.0,0.5,50,3e-05,47,114.16716977114177,0.44873878425656105,113.71843133578643
200,100,15,2,128,False,1.0,0.5,50,3e-05,48,113.78885511535307,0.45237610336825335,113.33647897625497
200,100,15,2,128,False,1.0,0.5,50,3e-05,49,113.17603285141412,0.4562164345828209,112.71981659778574
200,100,30,2,128,False,1.0,0.5,50,3e-05,0,453.38853378717414,0.08325597476625805,453.30527863054647
200,100,30,2,128,False,1.0,0.5,50,3e-05,1,420.5241528927292,0.022372334608962523,420.50177996725006
200,100,30,2,128,False,1.0,0.5,50,3e-05,2,401.889682664397,0.01625290031941062,401.87342792321306
200,100,30,2,128,False,1.0,0.5,50,3e-05,3,384.69548059958777,0.014243026999808148,384.68123748947903
200,100,30,2,128,False,1.0,0.5,50,3e-05,4,368.1680572678371,0.014284123640857349,368.15377386103677
200,100,30,2,128,False,1.0,0.5,50,3e-05,5,352.1431555985087,0.017540159666118372,352.1256152411192
200,100,30,2,128,False,1.0,0.5,50,3e-05,6,336.55141048536774,0.022676333620403354,336.5287335643452
200,100,30,2,128,False,1.0,0.5,50,3e-05,7,321.33116697869906,0.03136692338144582,321.29979946073246
200,100,30,2,128,False,1.0,0.5,50,3e-05,8,306.4608607845412,0.044277080658885,306.4165833193953
200,100,30,2,128,False,1.0,0.5,50,3e-05,9,291.89619504812674,0.06141413233721454,291.83477867505826
200,100,30,2,128,False,1.0,0.5,50,3e-05,10,277.5838919792386,0.08392208337125198,277.49996981963267
200,100,30,2,128,False,1.0,0.5,50,3e-05,11,263.53797078000906,0.10940821007799707,263.42856189032284
200,100,30,2,128,False,1.0,0.5,50,3e-05,12,249.7263312576884,0.13184966879654986,249.59448166315067
200,100,30,2,128,False,1.0,0.5,50,3e-05,13,236.24149815680573,0.15273572372797445,236.088762230636
200,100,30,2,128,False,1.0,0.5,50,3e-05,14,223.17357302502373,0.1691708685778781,223.00440237140128
200,100,30,2,128,False,1.0,0.5,50,3e-05,15,210.65614588616302,0.18612905612308017,210.47001664809758
200,100,30,2,128,False,1.0,0.5,50,3e-05,16,198.87756912484355,0.20164836366861566,198.67592152969613
200,100,30,2,128,False,1.0,0.5,50,3e-05,17,187.7677383844365,0.21793483971561517,187.54980350726217
200,100,30,2,128,False,1.0,0.5,50,3e-05,18,177.7587808008352,0.2331746329260136,177.52560635561443
200,100,30,2,128,False,1.0,0.5,50,3e-05,19,168.8701847139643,0.24626517114718316,168.62391957657113
200,100,30,2,128,False,1.0,0.5,50,3e-05,20,161.01100453750863,0.261254847708328,160.74974995818587
200,100,30,2,128,False,1.0,0.5,50,3e-05,21,154.28085537905193,0.2732416835937711,154.0076141357422
200,100,30,2,128,False,1.0,0.5,50,3e-05,22,148.5982703951841,0.285737127394966,148.31253321526458
200,100,30,2,128,False,1.0,0.5,50,3e-05,23,143.80840288868268,0.296477612046247,143.51192571313342
200,100,30,2,128,False,1.0,0.5,50,3e-05,24,139.80534573549724,0.30684283639185994,139.49850312122325
200,100,30,2,128,False,1.0,0.5,50,3e-05,25,136.44961235931564,0.31725500219434666,136.13235756046865
200,100,30,2,128,False,1.0,0.5,50,3e-05,26,133.53501744560114,0.32606178192802554,133.20895558562728
200,100,30,2,128,False,1.0,0.5,50,3e-05,27,131.08111365724005,0.33231425318270097,130.74879931876671
200,100,30,2,128,False,1.0,0.5,50,3e-05,28,129.1138306085576,0.3378898257708681,128.7759404050711
200,100,30,2,128,False,1.0,0.5,50,3e-05,29,127.37673629845045,0.3446898198588777,127.03204644977717
200,100,30,2,128,False,1.0,0.5,50,3e-05,30,125.7080391309538,0.35041274665468963,125.3576260982956
200,100,30,2,128,False,1.0,0.5,50,3e-05,31,124.32832960265776,0.3572700665800611,123.97105959897542
200,100,30,2,128,False,1.0,0.5,50,3e-05,32,123.21236107757737,0.3638805695989514,122.84848030891207
200,100,30,2,128,False,1.0,0.5,50,3e-05,33,122.12474199158052,0.36825935929519693,121.7564822876651
200,100,30,2,128,False,1.0,0.5,50,3e-05,34,121.15283864901211,0.3742703276773843,120.77856854180605
200,100,30,2,128,False,1.0,0.5,50,3e-05,35,120.05420663738778,0.3789080837484223,119.67529836412292
200,100,30,2,128,False,1.0,0.5,50,3e-05,36,119.18640946024689,0.38478112813517534,118.80162823924702
200,100,30,2,128,False,1.0,0.5,50,3e-05,37,118.53447103763813,0.3882003933685261,118.14627045689367
200,100,30,2,128,False,1.0,0.5,50,3e-05,38,117.75847022968102,0.39238744019144806,117.3660827552416
200,100,30,2,128,False,1.0,0.5,50,3e-05,39,117.07980527930496,0.3970204894713934,116.68278494987699
200,100,30,2,128,False,1.0,0.5,50,3e-05,40,116.44248186817485,0.40071455533333245,116.04176739434511
200,100,30,2,128,False,1.0,0.5,50,3e-05,41,115.85364831745295,0.40517988521091186,115.44846837164947
200,100,30,2,128,False,1.0,0.5,50,3e-05,42,115.74707381106214,0.40857740775656304,115.33849625561119
200,100,30,2,128,False,1.0,0.5,50,3e-05,43,114.87476146550469,0.4116838587581782,114.46307773484709
200,100,30,2,128,False,1.0,0.5,50,3e-05,44,114.29493414104314,0.41582120288142843,113.8791127073172
200,100,30,2,128,False,1.0,0.5,50,3e-05,45,114.16443612957528,0.4186701893147843,113.74576614970002
200,100,30,2,128,False,1.0,0.5,50,3e-05,46,113.8052750476816,0.42104917748198323,113.38422604555583
200,100,30,2,128,False,1.0,0.5,50,3e-05,47,113.11001127464337,0.42476745978903374,112.68524359602955
200,100,30,2,128,False,1.0,0.5,50,3e-05,48,112.76791727477016,0.4280365033702956,112.33988084318888
200,100,30,2,128,False,1.0,0.5,50,3e-05,49,112.16823615817076,0.4310095068170221,111.737226749652
200,200,15,2,128,False,1.0,0.5,50,3e-05,0,453.7002848419695,0.028669773045289254,453.6716134930184
200,200,15,2,128,False,1.0,0.5,50,3e-05,1,423.6980342970369,0.0044947551609691005,423.6935402885985
200,200,15,2,128,False,1.0,0.5,50,3e-05,2,405.1752221544803,0.0029014246654053585,405.1723209612936
200,200,15,2,128,False,1.0,0.5,50,3e-05,3,388.03790536111234,0.0026636342337941596,388.0352408899128
200,200,15,2,128,False,1.0,0.5,50,3e-05,4,371.5221618315133,0.0034643994947864535,371.51869901372584
200,200,15,2,128,False,1.0,0.5,50,3e-05,5,355.5164580793012,0.004308651209145126,355.5121495368072
200,200,15,2,128,False,1.0,0.5,50,3e-05,6,339.9245313781401,0.005573101821535612,339.9189581265107
200,200,15,2,128,False,1.0,0.5,50,3e-05,7,324.70772270076185,0.009318618981157384,324.69840354287163
200,200,15,2,128,False,1.0,0.5,50,3e-05,8,309.8207512112612,0.01670509997179001,309.8040462936486
200,200,15,2,128,False,1.0,0.5,50,3e-05,9,295.23216660641833,0.03554652219648519,295.1966207093297
200,200,15,2,128,False,1.0,0.5,50,3e-05,10,280.8815745991238,0.0708230408474556,280.81075156196044
200,200,15,2,128,False,1.0,0.5,50,3e-05,11,266.6966124476649,0.11237126197768839,266.5842406552141
200,200,15,2,128,False,1.0,0.5,50,3e-05,12,252.6582247907944,0.14209512423579865,252.5161295516715
200,200,15,2,128,False,1.0,0.5,50,3e-05,13,238.808000511886,0.16993001580896958,238.63807130255094
200,200,15,2,128,False,1.0,0.5,50,3e-05,14,225.31687531023394,0.19449028553883674,225.12238493018387
200,200,15,2,128,False,1.0,0.5,50,3e-05,15,212.29777316098713,0.21544608490243142,212.08232723678674
200,200,15,2,128,False,1.0,0.5,50,3e-05,16,199.92102885378,0.24526995963813192,199.67575924699477
200,200,15,2,128,False,1.0,0.5,50,3e-05,17,188.2033774865925,0.27733364898855517,187.92604317849512
200,200,15,2,128,False,1.0,0.5,50,3e-05,18,177.48516373607993,0.30524181940937567,177.17992203011698
200,200,15,2,128,False,1.0,0.5,50,3e-05,19,167.68313775668486,0.33188969670738305,167.35124788231613
200,200,15,2,128,False,1.0,0.5,50,3e-05,20,159.15166747372453,0.34836677276627137,158.80330055194665
200,200,15,2,128,False,1.0,0.5,50,3e-05,21,151.62882110427097,0.3664365460200863,151.2623844884377
200,200,15,2,128,False,1.0,0.5,50,3e-05,22,145.16780714172026,0.3791798524435054,144.78862699224146
200,200,15,2,128,False,1.0,0.5,50,3e-05,23,139.4606716935806,0.3917990876824816,139.06887265200115
200,200,15,2,128,False,1.0,0.5,50,3e-05,24,134.8176334022817,0.402096187541498,134.41553665919858
200,200,15,2,128,False,1.0,0.5,50,3e-05,25,130.9233371039122,0.41048763799403915,130.5128498815041
200,200,15,2,128,False,1.0,0.5,50,3e-05,26,127.5659791303603,0.4199885399960681,127.14599044546897
200,200,15,2,128,False,1.0,0.5,50,3e-05,27,124.27237267257101,0.42660337011458466,123.84576942907512
200,200,15,2,128,False,1.0,0.5,50,3e-05,28,121.62767058314539,0.4332483063415928,121.1944222213155
200,200,15,2,128,False,1.0,0.5,50,3e-05,29,119.6035367849782,0.44031999782962694,119.16321664883945
200,200,15,2,128,False,1.0,0.5,50,3e-05,30,117.36479090063611,0.4466933258989239,116.9180973537719
200,200,15,2,128,False,1.0,0.5,50,3e-05,31,115.6003038606591,0.45163901141993906,115.14866461147919
200,200,15,2,128,False,1.0,0.5,50,3e-05,32,113.98692503028153,0.4560636326423666,113.53086157530052
200,200,15,2,128,False,1.0,0.5,50,3e-05,33,112.64647750432978,0.4617602372367079,112.1847171678069
200,200,15,2,128,False,1.0,0.5,50,3e-05,34,111.02650278839617,0.46693741797742266,110.55956563370003
200,200,15,2,128,False,1.0,0.5,50,3e-05,35,110.03131824303728,0.47059691841431084,109.56072146589585
200,200,15,2,128,False,1.0,0.5,50,3e-05,36,108.94694169186755,0.4749558823214051,108.47198570630827
200,200,15,2,128,False,1.0,0.5,50,3e-05,37,107.94229526414397,0.4801613922277208,107.46213362888737
200,200,15,2,128,False,1.0,0.5,50,3e-05,38,106.86456029059478,0.4840659975017632,106.38049447075439
200,200,15,2,128,False,1.0,0.5,50,3e-05,39,106.28464651371235,0.4880320571404136,105.79661446249946
200,200,15,2,128,False,1.0,0.5,50,3e-05,40,105.53133046692906,0.4908818650311528,105.04044877363174
200,200,15,2,128,False,1.0,0.5,50,3e-05,41,104.54988224598584,0.4952418540722757,104.05464033263823
200,200,15,2,128,False,1.0,0.5,50,3e-05,42,103.79738009963906,0.4992249787512405,103.29815484147045
200,200,15,2,128,False,1.0,0.5,50,3e-05,43,103.08539876358284,0.5022940887601336,102.58310497136407
200,200,15,2,128,False,1.0,0.5,50,3e-05,44,102.50208716629618,0.5053175037407743,101.99676952045925
200,200,15,2,128,False,1.0,0.5,50,3e-05,45,101.99321995519142,0.5082436477281771,101.48497633117339
200,200,15,2,128,False,1.0,0.5,50,3e-05,46,101.42602265078719,0.5113482453875778,100.91467436901114
200,200,15,2,128,False,1.0,0.5,50,3e-05,47,101.05389336854714,0.5132748697014803,100.54061860142492
200,200,15,2,128,False,1.0,0.5,50,3e-05,48,101.07181350960916,0.5148063886560788,100.5570071731483
200,200,15,2,128,False,1.0,0.5,50,3e-05,49,100.36380662443888,0.5181582428473794,99.84564828609234
200,200,30,2,128,False,1.0,0.5,50,3e-05,0,450.4853861266078,0.055067158113774016,450.4303187586326
200,200,30,2,128,False,1.0,0.5,50,3e-05,1,420.82654466154827,0.009428230389561606,420.8171165845671
200,200,30,2,128,False,1.0,0.5,50,3e-05,2,402.44213934629664,0.007850798564700626,402.4342885728699
200,200,30,2,128,False,1.0,0.5,50,3e-05,3,385.3267601392546,0.00857254111295494,385.3181873974879
200,200,30,2,128,False,1.0,0.5,50,3e-05,4,368.83221435546875,0.012869085427064922,368.81934605382423
200,200,30,2,128,False,1.0,0.5,50,3e-05,5,352.8215500636654,0.022497996873124527,352.79905203297653
200,200,30,2,128,False,1.0,0.5,50,3e-05,6,337.21605669727643,0.04027774800335505,337.17577973255135
200,200,30,2,128,False,1.0,0.5,50,3e-05,7,321.9409695620036,0.07146858845873433,321.86950127195917
200,200,30,2,128,False,1.0,0.5,50,3e-05,8,306.8698163954593,0.1064872502539698,306.7633285943974
200,200,30,2,128,False,1.0,0.5,50,3e-05,9,291.95786011416607,0.1388817285470541,291.81897866264893
200,200,30,2,128,False,1.0,0.5,50,3e-05,10,277.22228025994906,0.1661535186991507,277.0561265471232
200,200,30,2,128,False,1.0,0.5,50,3e-05,11,262.76282724622865,0.19983710842567254,262.56298971439594
200,200,30,2,128,False,1.0,0.5,50,3e-05,12,248.53392382879943,0.23136306311214827,248.30256028992036
200,200,30,2,128,False,1.0,0.5,50,3e-05,13,234.74380349849469,0.26004574106213796,234.48375773561594
200,200,30,2,128,False,1.0,0.5,50,3e-05,14,221.11345423914452,0.2836371060893022,220.82981813546704
200,200,30,2,128,False,1.0,0.5,50,3e-05,15,208.2756060184036,0.3039523817557656,207.97165355366238
200,200,30,2,128,False,1.0,0.5,50,3e-05,16,195.70835918616194,0.3197293027988455,195.3886298079517
200,200,30,2,128,False,1.0,0.5,50,3e-05,17,184.19353818103096,0.33395131846159204,183.85958659978203
200,200,30,2,128,False,1.0,0.5,50,3e-05,18,173.43062207975441,0.346993532793298,173.08362853329484
200,200,30,2,128,False,1.0,0.5,50,3e-05,19,163.91900719068326,0.35871382065899465,163.56029337677506
200,200,30,2,128,False,1.0,0.5,50,3e-05,20,155.35778505104022,0.3699435817273282,154.98784093698745
200,200,30,2,128,False,1.0,0.5,50,3e-05,21,148.1756804239684,0.3793132892959026,147.79636808785287
200,200,30,2,128,False,1.0,0.5,50,3e-05,22,141.7622571913577,0.3876068995473135,141.374650059484
200,200,30,2,128,False,1.0,0.5,50,3e-05,23,136.32415004329786,0.3958796183707306,135.92827096169825
200,200,30,2,128,False,1.0,0.5,50,3e-05,24,131.67438001263866,0.4038738802651674,131.2705061685973
200,200,30,2,128,False,1.0,0.5,50,3e-05,25,127.67117979776793,0.4114134275452208,127.25976625727027
200,200,30,2,128,False,1.0,0.5,50,3e-05,26,124.04432770955628,0.4180589963718014,123.62626854490838
200,200,30,2,128,False,1.0,0.5,50,3e-05,27,121.28586797556166,0.42392860213037353,120.86193944604358
200,200,30,2,128,False,1.0,0.5,50,3e-05,28,118.92422278809943,0.4287581264314072,118.49546468323766
200,200,30,2,128,False,1.0,0.5,50,3e-05,29,116.85336257344451,0.4340780385620686,116.41928463087557
200,200,30,2,128,False,1.0,0.5,50,3e-05,30,115.08584236440079,0.43929929002213874,114.64654334474005
200,200,30,2,128,False,1.0,0.5,50,3e-05,31,113.43656478797533,0.4440457993778735,112.99251910467832
200,200,30,2,128,False,1.0,0.5,50,3e-05,32,111.94388070290918,0.4486775842819425,111.4952032184074
200,200,30,2,128,False,1.0,0.5,50,3e-05,33,110.29669353843394,0.4526682795740623,109.84402503756529
200,200,30,2,128,False,1.0,0.5,50,3e-05,34,109.18672095873079,0.45584398557468014,108.7308770279858
200,200,30,2,128,False,1.0,0.5,50,3e-05,35,108.22055411997421,0.4610426567536033,107.75951153665616
200,200,30,2,128,False,1.0,0.5,50,3e-05,36,107.1926900958488,0.4648282649767333,106.72786189969732
200,200,30,2,128,False,1.0,0.5,50,3e-05,37,105.75871141971146,0.4683233484708143,105.2903879913836
200,200,30,2,128,False,1.0,0.5,50,3e-05,38,104.90199418884615,0.4719529010314309,104.43004119198625
200,200,30,2,128,False,1.0,0.5,50,3e-05,39,104.28621981288846,0.4744338450840165,103.81178595611404
200,200,30,2,128,False,1.0,0.5,50,3e-05,40,103.83047670817507,0.47792318413929386,103.35255330965664
200,200,30,2,128,False,1.0,0.5,50,3e-05,41,102.72288142251705,0.4812757484820666,102.24160585350754
200,200,30,2,128,False,1.0,0.5,50,3e-05,42,101.67321667750237,0.48468060338694746,101.18853591160222
200,200,30,2,128,False,1.0,0.5,50,3e-05,43,101.27544466303199,0.48758277906238706,100.78786177661537
200,200,30,2,128,False,1.0,0.5,50,3e-05,44,100.70048253180572,0.4903969912897816,100.2100854947422
200,200,30,2,128,False,1.0,0.5,50,3e-05,45,100.0116242888224,0.4932387418509847,99.51838549197709
200,200,30,2,128,False,1.0,0.5,50,3e-05,46,99.20938367474804,0.49623597326858265,98.71314762178706
200,200,30,2,128,False,1.0,0.5,50,3e-05,47,98.93512902865753,0.4983180504477485,98.43681086756249
200,200,30,2,128,False,1.0,0.5,50,3e-05,48,98.56421867918573,0.5007828689741166,98.06343575999223
200,200,30,2,128,False,1.0,0.5,50,3e-05,49,97.8222233050436,0.5033535769631191,97.31886965925523
200,300,15,2,128,False,1.0,0.5,50,3e-05,0,447.35415868601086,0.015569526697020174,447.3385898316104
200,300,15,2,128,False,1.0,0.5,50,3e-05,1,419.0091569594915,0.0029020543719605846,419.0062547546724
200,300,15,2,128,False,1.0,0.5,50,3e-05,2,400.9130909956621,0.002040185770071343,400.91105137608986
200,300,15,2,128,False,1.0,0.5,50,3e-05,3,383.90029553155216,0.0019726234627115793,383.8983238599577
200,300,15,2,128,False,1.0,0.5,50,3e-05,4,367.4534650770999,0.0024773715583617847,367.4509877578988
200,300,15,2,128,False,1.0,0.5,50,3e-05,5,351.47883445781895,0.00361986539985223,351.4752155114274
200,300,15,2,128,False,1.0,0.5,50,3e-05,6,335.90263223384625,0.005020332325877653,335.8976116707312
200,300,15,2,128,False,1.0,0.5,50,3e-05,7,320.67685189431546,0.0071706820783611815,320.6696811064831
200,300,15,2,128,False,1.0,0.5,50,3e-05,8,305.7711711061594,0.015565725578540596,305.75560376920754
200,300,15,2,128,False,1.0,0.5,50,3e-05,9,291.1340802440327,0.03947113891703319,291.0946082015064
200,300,15,2,128,False,1.0,0.5,50,3e-05,10,276.718023816525,0.08343493911689816,276.634589095142
200,300,15,2,128,False,1.0,0.5,50,3e-05,11,262.4910803526146,0.11969274368898644,262.37138796643
200,300,15,2,128,False,1.0,0.5,50,3e-05,12,248.50956962121785,0.15607803393134756,248.353491008611
200,300,15,2,128,False,1.0,0.5,50,3e-05,13,234.70773180545365,0.19426018526540936,234.51347148747735
200,300,15,2,128,False,1.0,0.5,50,3e-05,14,221.22487644595995,0.23348434919810426,220.9913921040066
200,300,15,2,128,False,1.0,0.5,50,3e-05,15,208.14952129553694,0.2695414859451642,207.87997984491
200,300,15,2,128,False,1.0,0.5,50,3e-05,16,195.5772539001802,0.3041487760965337,195.2731056845649
200,300,15,2,128,False,1.0,0.5,50,3e-05,17,183.69810426827954,0.33546618318689464,183.36263785177832
200,300,15,2,128,False,1.0,0.5,50,3e-05,18,172.6931916969257,0.3635485758438953,172.32964320736036
200,300,15,2,128,False,1.0,0.5,50,3e-05,19,162.9064355502471,0.3828056816896681,162.52363046888487
200,300,15,2,128,False,1.0,0.5,50,3e-05,20,154.23110068305422,0.3974009227028209,153.83369985338075
200,300,15,2,128,False,1.0,0.5,50,3e-05,21,146.573613625205,0.41364089066152415,146.15997255441235
200,300,15,2,128,False,1.0,0.5,50,3e-05,22,140.07553117446477,0.4268594313392323,139.64867228302506
200,300,15,2,128,False,1.0,0.5,50,3e-05,23,134.94267669171919,0.4376189455142996,134.50505765630396
200,300,15,2,128,False,1.0,0.5,50,3e-05,24,130.17981298457192,0.44679198525228553,129.73302076139504
200,300,15,2,128,False,1.0,0.5,50,3e-05,25,126.12467159882435,0.45601204976192494,125.6686595263402
200,300,15,2,128,False,1.0,0.5,50,3e-05,26,122.74971113679159,0.46307809971972724,122.28663272752287
200,300,15,2,128,False,1.0,0.5,50,3e-05,27,119.91143630222722,0.4700432222192459,119.44139293017308
200,300,15,2,128,False,1.0,0.5,50,3e-05,28,117.28599763311733,0.4766376994920699,116.8093597243504
200,300,15,2,128,False,1.0,0.5,50,3e-05,29,114.78651807584815,0.4809990350712729,114.30551880894446
200,300,15,2,128,False,1.0,0.5,50,3e-05,30,113.22499750464002,0.48668984253762176,112.73830776319978
200,300,15,2,128,False,1.0,0.5,50,3e-05,31,111.38272436152505,0.49233192995766906,110.89039224023978
200,300,15,2,128,False,1.0,0.5,50,3e-05,32,109.55473643771852,0.49737379778155966,109.05736250903725
200,300,15,2,128,False,1.0,0.5,50,3e-05,33,108.34939364438557,0.5027297776377662,107.84666409150013
200,300,15,2,128,False,1.0,0.5,50,3e-05,34,107.03279855633309,0.5067229643052454,106.52607562660512
200,300,15,2,128,False,1.0,0.5,50,3e-05,35,106.21081016076863,0.5113332882441209,105.69947705347893
200,300,15,2,128,False,1.0,0.5,50,3e-05,36,105.20235485266585,0.5141321917923775,104.68822285351833
200,300,15,2,128,False,1.0,0.5,50,3e-05,37,104.32720175895902,0.5178980135785941,103.80930383165897
200,300,15,2,128,False,1.0,0.5,50,3e-05,38,103.12424549081707,0.5218809217379238,102.6023643451501
200,300,15,2,128,False,1.0,0.5,50,3e-05,39,102.3110188015258,0.5248454325106922,101.78617336209966
200,300,15,2,128,False,1.0,0.5,50,3e-05,40,101.64190787636772,0.5279280398432062,101.1139796978861
200,300,15,2,128,False,1.0,0.5,50,3e-05,41,100.64139485227469,0.5313309519989056,100.11006425889157
200,300,15,2,128,False,1.0,0.5,50,3e-05,42,99.90884938951355,0.5336885307375239,99.37516072310137
200,300,15,2,128,False,1.0,0.5,50,3e-05,43,99.27536339522726,0.5356149736030326,98.7397484120743
200,300,15,2,128,False,1.0,0.5,50,3e-05,44,98.544762037077,0.5383736586702462,98.00638858521182
200,300,15,2,128,False,1.0,0.5,50,3e-05,45,98.87771235513424,0.5409415008613417,98.336770916512
200,300,15,2,128,False,1.0,0.5,50,3e-05,46,99.44572545678577,0.5420971387657672,98.90362873393528
200,300,15,2,128,False,1.0,0.5,50,3e-05,47,98.49974287675889,0.5430874123099101,97.95665547070583
200,300,15,2,128,False,1.0,0.5,50,3e-05,48,97.5013912053398,0.5462710271224133,96.9551200234429
200,300,15,2,128,False,1.0,0.5,50,3e-05,49,96.78539297198722,0.5474446047076863,96.23794817002438
200,300,30,2,128,False,1.0,0.5,50,3e-05,0,449.5645601894315,0.033147593262960406,449.53141152397706
200,300,30,2,128,False,1.0,0.5,50,3e-05,1,421.52723280764417,0.005145161371492879,421.5220871393193
200,300,30,2,128,False,1.0,0.5,50,3e-05,2,403.4478515287789,0.003983548962001725,403.4438683947147
200,300,30,2,128,False,1.0,0.5,50,3e-05,3,386.43679455498966,0.0051379390343900214,386.431656473908
200,300,30,2,128,False,1.0,0.5,50,3e-05,4,370.0052185058594,0.0069360411082759746,369.99828207953857
200,300,30,2,128,False,1.0,0.5,50,3e-05,5,354.02362600084166,0.011499235437390554,354.0121276181047
200,300,30,2,128,False,1.0,0.5,50,3e-05,6,338.42362866480704,0.023929270334253655,338.3996993428436
200,300,30,2,128,False,1.0,0.5,50,3e-05,7,323.1585856906617,0.05742470948900307,323.10116071332226
200,300,30,2,128,False,1.0,0.5,50,3e-05,8,308.1346865490655,0.11332810085616718,308.02135876397404
200,300,30,2,128,False,1.0,0.5,50,3e-05,9,293.19609381744215,0.16121909219915695,293.0348741731591
200,300,30,2,128,False,1.0,0.5,50,3e-05,10,278.2861279229433,0.19835595803036873,278.0877727698226
200,300,30,2,128,False,1.0,0.5,50,3e-05,11,263.39485640552164,0.2388582479064636,263.1559968389859
200,300,30,2,128,False,1.0,0.5,50,3e-05,12,248.76463773105684,0.2762840385265772,248.48835341311292
200,300,30,2,128,False,1.0,0.5,50,3e-05,13,234.34916855617124,0.30884774185675945,234.0403210550382
200,300,30,2,128,False,1.0,0.5,50,3e-05,14,220.3131520814,0.3386349748840648,219.97451697923862
200,300,30,2,128,False,1.0,0.5,50,3e-05,15,206.84274249840837,0.3635117266718195,206.4792310177292
200,300,30,2,128,False,1.0,0.5,50,3e-05,16,193.772582586299,0.3822808881490929,193.3903015305324
200,300,30,2,128,False,1.0,0.5,50,3e-05,17,181.7140104177907,0.39705072153997684,181.31695978154136
200,300,30,2,128,False,1.0,0.5,50,3e-05,18,170.57074918799637,0.40887050701109745,170.1618785542019
200,300,30,2,128,False,1.0,0.5,50,3e-05,19,160.61677762026287,0.4201777406160344,160.19659997086498
200,300,30,2,128,False,1.0,0.5,50,3e-05,20,151.3542014274808,0.4279958347259964,150.9262061356181
200,300,30,2,128,False,1.0,0.5,50,3e-05,21,143.3589327480253,0.43562761838264885,142.92330494243137
200,300,30,2,128,False,1.0,0.5,50,3e-05,22,136.41869919076152,0.44488297328764564,135.97381642378497
200,300,30,2,128,False,1.0,0.5,50,3e-05,23,130.76148594808842,0.4512471145029226,130.31023887507823
200,300,30,2,128,False,1.0,0.5,50,3e-05,24,125.690446379435,0.45749851567310523,125.2329478395578
200,300,30,2,128,False,1.0,0.5,50,3e-05,25,121.69447389887183,0.4643282356841788,121.23014557559188
200,300,30,2,128,False,1.0,0.5,50,3e-05,26,118.21021245461142,0.46989209793549214,117.74032011084793
200,300,30,2,128,False,1.0,0.5,50,3e-05,27,115.07091176575719,0.47448595008138794,114.59642589421563
200,300,30,2,128,False,1.0,0.5,50,3e-05,28,112.67402526686864,0.47935833078062995,112.19466703636212
200,300,30,2,128,False,1.0,0.5,50,3e-05,29,110.87298520757348,0.48335300525907654,110.38963241998663
200,300,30,2,128,False,1.0,0.5,50,3e-05,30,109.15827524596156,0.4875853876711914,108.67068978831254
200,300,30,2,128,False,1.0,0.5,50,3e-05,31,107.13180213211649,0.4919893106044327,106.63981286992026
200,300,30,2,128,False,1.0,0.5,50,3e-05,32,105.49536516389794,0.49535857412696543,105.00000665991345
200,300,30,2,128,False,1.0,0.5,50,3e-05,33,104.02002016352027,0.49916895252564997,103.52085130385932
200,300,30,2,128,False,1.0,0.5,50,3e-05,34,102.7172406865747,0.5030577380354233,102.21418315402711
200,300,30,2,128,False,1.0,0.5,50,3e-05,35,101.61683477749482,0.5057671267683335,101.11106767180216
200,300,30,2,128,False,1.0,0.5,50,3e-05,36,100.39927003133363,0.5094404536716187,99.88982956185525
200,300,30,2,128,False,1.0,0.5,50,3e-05,37,99.25399156433443,0.5124196877795688,98.74157192166997
200,300,30,2,128,False,1.0,0.5,50,3e-05,38,98.12997938124515,0.5151550575514525,97.6148241159007
200,300,30,2,128,False,1.0,0.5,50,3e-05,39,97.423592751856,0.5173806676548489,96.90621210593545
200,300,30,2,128,False,1.0,0.5,50,3e-05,40,97.12913483677649,0.5195988419964828,96.60953601816082
200,300,30,2,128,False,1.0,0.5,50,3e-05,41,96.85592415319621,0.5219173276621992,96.33400671521603
200,300,30,2,128,False,1.0,0.5,50,3e-05,42,95.73933532883449,0.5246773319349763,95.21465819975289
200,300,30,2,128,False,1.0,0.5,50,3e-05,43,94.82016088159045,0.526849845167023,94.29331097681877
200,300,30,2,128,False,1.0,0.5,50,3e-05,44,94.57178046294997,0.528687664487744,94.043092801426
200,300,30,2,128,False,1.0,0.5,50,3e-05,45,94.1182169624455,0.530974315674924,93.58724271658376
200,300,30,2,128,False,1.0,0.5,50,3e-05,46,93.80080928064842,0.5328828376301086,93.26792629515927
200,300,30,2,128,False,1.0,0.5,50,3e-05,47,93.4916654976692,0.534053130044463,92.9576124328276
200,300,30,2,128,False,1.0,0.5,50,3e-05,48,93.19174974135932,0.5357507022704867,92.65599911515883
200,300,30,2,128,False,1.0,0.5,50,3e-05,49,92.91897224721329,0.5372246796913569,92.38174771472235
300,100,15,2,128,False,1.0,0.5,50,3e-05,0,457.37611886546097,0.02244318770862169,457.35367495710676
300,100,15,2,128,False,1.0,0.5,50,3e-05,1,425.80085948290747,0.007462089832419355,425.7933980193586
300,100,15,2,128,False,1.0,0.5,50,3e-05,2,406.96123508853805,0.007171213629434287,406.9540639634949
300,100,15,2,128,False,1.0,0.5,50,3e-05,3,389.4558483144855,0.00639342322935304,389.44945479756564
300,100,15,2,128,False,1.0,0.5,50,3e-05,4,372.7452126181587,0.006142912597205099,372.7390703232907
300,100,15,2,128,False,1.0,0.5,50,3e-05,5,356.59221585942896,0.0072062849761784405,356.58501033888336
300,100,15,2,128,False,1.0,0.5,50,3e-05,6,340.8995356269963,0.008468401268412725,340.8910667461585
300,100,15,2,128,False,1.0,0.5,50,3e-05,7,325.5904881598541,0.011611637242591184,325.57887714870725
300,100,15,2,128,False,1.0,0.5,50,3e-05,8,310.6398129963743,0.01661283112239113,310.6232009803393
300,100,15,2,128,False,1.0,0.5,50,3e-05,9,296.0106624371439,0.025310351075964736,295.9853503822622
300,100,15,2,128,False,1.0,0.5,50,3e-05,10,281.6685465607195,0.03911491949625766,281.6294312872281
300,100,15,2,128,False,1.0,0.5,50,3e-05,11,267.59170667110885,0.05885056856999081,267.53285546065695
300,100,15,2,128,False,1.0,0.5,50,3e-05,12,253.8053230580704,0.0821186471421745,253.7232043018657
300,100,15,2,128,False,1.0,0.5,50,3e-05,13,240.35097002061033,0.10747218016761442,240.24349773259453
300,100,15,2,128,False,1.0,0.5,50,3e-05,14,227.2944971579873,0.13109425319492488,227.16340274705414
300,100,15,2,128,False,1.0,0.5,50,3e-05,15,214.71488278215102,0.154347181567171,214.56053557843794
300,100,15,2,128,False,1.0,0.5,50,3e-05,16,202.84574241005913,0.17491443060050355,202.6708280447438
300,100,15,2,128,False,1.0,0.5,50,3e-05,17,191.77022396530236,0.1952395712473116,191.5749844714423
300,100,15,2,128,False,1.0,0.5,50,3e-05,18,181.61629321693715,0.21555575028638155,181.40073744631604
300,100,15,2,128,False,1.0,0.5,50,3e-05,19,172.56048128749785,0.23591952346965095,172.32456135618094
300,100,15,2,128,False,1.0,0.5,50,3e-05,20,164.51033669150337,0.2529235033534508,164.2574134110087
300,100,15,2,128,False,1.0,0.5,50,3e-05,21,157.5785710455963,0.2697324630963868,157.30883898656012
300,100,15,2,128,False,1.0,0.5,50,3e-05,22,151.67145323358187,0.2860011081339905,151.3854524391132
300,100,15,2,128,False,1.0,0.5,50,3e-05,23,146.7316938368655,0.29542721091713037,146.4362663985616
300,100,15,2,128,False,1.0,0.5,50,3e-05,24,142.49099014872345,0.30817889837928897,142.18281150522813
300,100,15,2,128,False,1.0,0.5,50,3e-05,25,139.0499309729476,0.31923001494196895,138.73070159406294
300,100,15,2,128,False,1.0,0.5,50,3e-05,26,136.1248165151691,0.33073354458940624,135.7940830209637
300,100,15,2,128,False,1.0,0.5,50,3e-05,27,133.5226746448496,0.3411778068344896,133.18149634092552
300,100,15,2,128,False,1.0,0.5,50,3e-05,28,131.3818357688946,0.3498440108246566,131.03199186377762
300,100,15,2,128,False,1.0,0.5,50,3e-05,29,129.61955387684523,0.35895737939776634,129.2605967231877
300,100,15,2,128,False,1.0,0.5,50,3e-05,30,127.94868309063148,0.3654155041302107,127.58326792848703
300,100,15,2,128,False,1.0,0.5,50,3e-05,31,126.41740185648038,0.37195259793687263,126.04544910409832
300,100,15,2,128,False,1.0,0.5,50,3e-05,32,125.22947701301364,0.37966508611789723,124.84981199654426
300,100,15,2,128,False,1.0,0.5,50,3e-05,33,124.07713878484063,0.3877357792788448,123.68940304919501
300,100,15,2,128,False,1.0,0.5,50,3e-05,34,122.88916521441212,0.3943658991413222,122.49479936631344
300,100,15,2,128,False,1.0,0.5,50,3e-05,35,122.07561450768571,0.40034143173892195,121.67527341052313
300,100,15,2,128,False,1.0,0.5,50,3e-05,36,121.23255857183129,0.4061677325825665,120.82639110417657
300,100,15,2,128,False,1.0,0.5,50,3e-05,37,120.38329951670947,0.41010764356476165,119.97319165646041
300,100,15,2,128,False,1.0,0.5,50,3e-05,38,119.70116681683788,0.4162613777495221,119.28490536515883
300,100,15,2,128,False,1.0,0.5,50,3e-05,39,118.94143858008621,0.42123660758055376,118.52020204659983
300,100,15,2,128,False,1.0,0.5,50,3e-05,40,118.28064664556176,0.42456105944201433,117.85608559287056
300,100,15,2,128,False,1.0,0.5,50,3e-05,41,117.61092886740332,0.4290348869331634,117.18189391246817
300,100,15,2,128,False,1.0,0.5,50,3e-05,42,116.95898163516219,0.4326130406961915,116.52636853634323
300,100,15,2,128,False,1.0,0.5,50,3e-05,43,116.69133197931953,0.4367359040191819,116.25459614116184
300,100,15,2,128,False,1.0,0.5,50,3e-05,44,116.07508091373339,0.441109051361927,115.63397191506064
300,100,15,2,128,False,1.0,0.5,50,3e-05,45,115.75811721211639,0.44515029649708154,115.3129671212718
300,100,15,2,128,False,1.0,0.5,50,3e-05,46,115.23359271307676,0.44786543543167534,114.78572748510877
300,100,15,2,128,False,1.0,0.5,50,3e-05,47,114.95696954042214,0.45267859117760845,114.50429092322923
300,100,15,2,128,False,1.0,0.5,50,3e-05,48,114.4652054928943,0.45589167801714736,114.00931376251727
300,100,15,2,128,False,1.0,0.5,50,3e-05,49,114.04645365509539,0.45865249024570315,113.58780117983318
300,100,30,2,128,False,1.0,0.5,50,3e-05,0,457.9666786826118,0.06869999586877243,457.8979788933011
300,100,30,2,128,False,1.0,0.5,50,3e-05,1,425.8944734183464,0.018090884067447476,425.87638256431285
300,100,30,2,128,False,1.0,0.5,50,3e-05,2,407.1186810066687,0.01575369889544354,407.10292752935084
300,100,30,2,128,False,1.0,0.5,50,3e-05,3,389.7115048571845,0.015527562938054292,389.69597680529176
300,100,30,2,128,False,1.0,0.5,50,3e-05,4,373.0506671041415,0.016045191839790147,373.0346229511071
300,100,30,2,128,False,1.0,0.5,50,3e-05,5,356.94763402780774,0.019116398816650414,356.9285172098908
300,100,30,2,128,False,1.0,0.5,50,3e-05,6,341.2748977914041,0.02490990509109273,341.24998819762175
300,100,30,2,128,False,1.0,0.5,50,3e-05,7,325.9829986740871,0.034177065173483026,325.9488216842736
300,100,30,2,128,False,1.0,0.5,50,3e-05,8,311.03547778050546,0.04992976233116171,310.9855478191903
300,100,30,2,128,False,1.0,0.5,50,3e-05,9,296.3675955250777,0.07055023674806837,296.29704529145806
300,100,30,2,128,False,1.0,0.5,50,3e-05,10,281.94356760267397,0.09437563591405174,281.8491924138359
300,100,30,2,128,False,1.0,0.5,50,3e-05,11,267.74322678371027,0.11654472046464846,267.62668167029955
300,100,30,2,128,False,1.0,0.5,50,3e-05,12,253.83668450624245,0.13537565079512517,253.70130886689074
300,100,30,2,128,False,1.0,0.5,50,3e-05,13,240.279671431905,0.1531319919541396,240.12653987315477
300,100,30,2,128,False,1.0,0.5,50,3e-05,14,227.12286832187715,0.1750606071224529,226.94780752276847
300,100,30,2,128,False,1.0,0.5,50,3e-05,15,214.4694114389999,0.19190903090311018,214.27750190186896
300,100,30,2,128,False,1.0,0.5,50,3e-05,16,202.5037412696122,0.20821514816244663,202.29552598816255
300,100,30,2,128,False,1.0,0.5,50,3e-05,17,191.3052678398006,0.22678516821637337,191.0784829492727
300,100,30,2,128,False,1.0,0.5,50,3e-05,18,181.03240646446608,0.24185975200563506,180.79054656476606
300,100,30,2,128,False,1.0,0.5,50,3e-05,19,171.76969665190134,0.25700531200150756,171.5126910130622
300,100,30,2,128,False,1.0,0.5,50,3e-05,20,163.7152097923321,0.2714410514792026,163.44376858031552
300,100,30,2,128,False,1.0,0.5,50,3e-05,21,156.66139238051946,0.28408341957719285,156.37730871379705
300,100,30,2,128,False,1.0,0.5,50,3e-05,22,150.6715258182083,0.2958060397627604,150.3757193549562
300,100,30,2,128,False,1.0,0.5,50,3e-05,23,145.56682194662358,0.3059338846588662,145.26088777826635
300,100,30,2,128,False,1.0,0.5,50,3e-05,24,141.41784322327672,0.31560363394120783,141.1022401251187
300,100,30,2,128,False,1.0,0.5,50,3e-05,25,137.75275669835548,0.32356852293014526,137.42918817509604
300,100,30,2,128,False,1.0,0.5,50,3e-05,26,134.84003195578222,0.3306306236685969,134.50940160593277
300,100,30,2,128,False,1.0,0.5,50,3e-05,27,132.1882580498964,0.33974124005486295,131.84851630616583
300,100,30,2,128,False,1.0,0.5,50,3e-05,28,130.0606394393668,0.3473026708015421,129.71333679705035
300,100,30,2,128,False,1.0,0.5,50,3e-05,29,128.15395582841904,0.3541962972003452,127.79975937479767
300,100,30,2,128,False,1.0,0.5,50,3e-05,30,126.53534129443089,0.3621075958507496,126.17323358019412
300,100,30,2,128,False,1.0,0.5,50,3e-05,31,125.04299652774031,0.3671360350116182,124.67586036808584
300,100,30,2,128,False,1.0,0.5,50,3e-05,32,123.73715846446338,0.37253950560949123,123.36461900742673
300,100,30,2,128,False,1.0,0.5,50,3e-05,33,122.77880699199866,0.3777288216582978,122.40107836644295
300,100,30,2,128,False,1.0,0.5,50,3e-05,34,121.74646088826722,0.3826662415628275,121.36379410548763
300,100,30,2,128,False,1.0,0.5,50,3e-05,35,120.8521240824494,0.38753074209993055,120.46459337097505
300,100,30,2,128,False,1.0,0.5,50,3e-05,36,119.88990277875195,0.39338407562582534,119.49651855131539
300,100,30,2,128,False,1.0,0.5,50,3e-05,37,118.99826859110627,0.39719126748116634,118.60107733794997
300,100,30,2,128,False,1.0,0.5,50,3e-05,38,118.26972641075514,0.4021951383319349,117.86753141287282
300,100,30,2,128,False,1.0,0.5,50,3e-05,39,117.63925790523297,0.40625419735249896,117.23300390085463
300,100,30,2,128,False,1.0,0.5,50,3e-05,40,117.10604441100062,0.41095265186294005,116.69509183767751
300,100,30,2,128,False,1.0,0.5,50,3e-05,41,116.36838645302788,0.4146703175418285,115.95371604624374
300,100,30,2,128,False,1.0,0.5,50,3e-05,42,115.94092757925803,0.41820270794531256,115.52272476280592
300,100,30,2,128,False,1.0,0.5,50,3e-05,43,115.3731734133557,0.4211679433590799,114.95200537581471
300,100,30,2,128,False,1.0,0.5,50,3e-05,44,114.69995660939928,0.42501482943803565,114.27494188171724
300,100,30,2,128,False,1.0,0.5,50,3e-05,45,114.37055965023146,0.42859019495505657,113.94196926559532
300,100,30,2,128,False,1.0,0.5,50,3e-05,46,113.89541419434943,0.43200017454215833,113.46341351250918
300,100,30,2,128,False,1.0,0.5,50,3e-05,47,113.37481141485561,0.4357060860863048,112.93910537635423
300,100,30,2,128,False,1.0,0.5,50,3e-05,48,113.08706108641229,0.43827504413562585,112.64878596521874
300,100,30,2,128,False,1.0,0.5,50,3e-05,49,112.8423839168654,0.4411501171509864,112.40123365202003
300,200,15,2,128,False,1.0,0.5,50,3e-05,0,452.26713958234416,0.03342318864158504,452.23371693310816
300,200,15,2,128,False,1.0,0.5,50,3e-05,1,423.1477848284811,0.003488068062379874,423.14429655127765
300,200,15,2,128,False,1.0,0.5,50,3e-05,2,404.71111689614986,0.002223492985287712,404.7088940025034
300,200,15,2,128,False,1.0,0.5,50,3e-05,3,387.5748417469678,0.0018957873133592597,387.57294544198896
300,200,15,2,128,False,1.0,0.5,50,3e-05,4,371.1068653085614,0.0019807446264347977,371.10488402645893
300,200,15,2,128,False,1.0,0.5,50,3e-05,5,355.1211102733296,0.0022601094174080462,355.1188511295213
300,200,15,2,128,False,1.0,0.5,50,3e-05,6,339.5343520022229,0.0030095399118116053,339.5313415527344
300,200,15,2,128,False,1.0,0.5,50,3e-05,7,324.30717375528747,0.00466348903474928,324.3025109728397
300,200,15,2,128,False,1.0,0.5,50,3e-05,8,309.4027586878993,0.008827017774568737,309.3939313519725
300,200,15,2,128,False,1.0,0.5,50,3e-05,9,294.7740110955844,0.021170262082670276,294.7528415068737
300,200,15,2,128,False,1.0,0.5,50,3e-05,10,280.3841122790595,0.05818063967465037,280.3259319495101
300,200,15,2,128,False,1.0,0.5,50,3e-05,11,266.1923280157437,0.09947445535857374,266.09285403088313
300,200,15,2,128,False,1.0,0.5,50,3e-05,12,252.2360468911861,0.1255735107054368,252.11047329560168
300,200,15,2,128,False,1.0,0.5,50,3e-05,13,238.57136358608858,0.15650426291793748,238.41485991925825
300,200,15,2,128,False,1.0,0.5,50,3e-05,14,225.38599796189789,0.18280152021521362,225.2031959828751
300,200,15,2,128,False,1.0,0.5,50,3e-05,15,212.62932843793163,0.21608648453298854,212.41324206610412
300,200,15,2,128,False,1.0,0.5,50,3e-05,16,200.53921112566363,0.24771670124478104,200.29149446434738
300,200,15,2,128,False,1.0,0.5,50,3e-05,17,189.17255844200514,0.27617860885944157,188.89638026116302
300,200,15,2,128,False,1.0,0.5,50,3e-05,18,178.89241128995275,0.30324865671811185,178.58916224695702
300,200,15,2,128,False,1.0,0.5,50,3e-05,19,169.52248369922955,0.32768556294520257,169.19479774770156
300,200,15,2,128,False,1.0,0.5,50,3e-05,20,161.14762440043918,0.34432387961208494,160.80330021473586
300,200,15,2,128,False,1.0,0.5,50,3e-05,21,153.8833603832603,0.35999116153348215,153.52336870899518
300,200,15,2,128,False,1.0,0.5,50,3e-05,22,147.5172742137593,0.37692047499161396,147.14035405111576
300,200,15,2,128,False,1.0,0.5,50,3e-05,23,142.02257997291522,0.38868682621592315,141.63389283912616
300,200,15,2,128,False,1.0,0.5,50,3e-05,24,137.3883573416188,0.39948192650441966,136.98887600556262
300,200,15,2,128,False,1.0,0.5,50,3e-05,25,133.3266470050285,0.4097761908618126,132.91687049654965
300,200,15,2,128,False,1.0,0.5,50,3e-05,26,129.93048997742036,0.41774433143231093,129.51274526185094
300,200,15,2,128,False,1.0,0.5,50,3e-05,27,126.9235796006345,0.4280087145981868,126.49557103109623
300,200,15,2,128,False,1.0,0.5,50,3e-05,28,124.45878044676385,0.4367884562160429,124.02199229877957
300,200,15,2,128,False,1.0,0.5,50,3e-05,29,122.15484033236847,0.44418926133635295,121.71065125017535
300,200,15,2,128,False,1.0,0.5,50,3e-05,30,120.08677622758222,0.45003342430894544,119.63674277627007
300,200,15,2,128,False,1.0,0.5,50,3e-05,31,118.35653922571004,0.45645800957363614,117.90008144484041
300,200,15,2,128,False,1.0,0.5,50,3e-05,32,116.86951585632661,0.4623025601410734,116.40721324267308
300,200,15,2,128,False,1.0,0.5,50,3e-05,33,115.2667656998608,0.46784744572244297,114.79891841319385
300,200,15,2,128,False,1.0,0.5,50,3e-05,34,114.05688299526825,0.4723148341007654,113.58456821336272
300,200,15,2,128,False,1.0,0.5,50,3e-05,35,112.8979239279394,0.4777413996872981,112.42018274971134
300,200,15,2,128,False,1.0,0.5,50,3e-05,36,111.62755310733016,0.4822506329960586,111.14530253542063
300,200,15,2,128,False,1.0,0.5,50,3e-05,37,110.59901955114543,0.48592344453321634,110.11309612126641
300,200,15,2,128,False,1.0,0.5,50,3e-05,38,109.58260138917365,0.4897245483174508,109.09287670830996
300,200,15,2,128,False,1.0,0.5,50,3e-05,39,108.59958079638402,0.49479304147030106,108.10478775277322
300,200,15,2,128,False,1.0,0.5,50,3e-05,40,107.95381560773481,0.49785004399758015,107.45596541093857
300,200,15,2,128,False,1.0,0.5,50,3e-05,41,107.37945514489275,0.5002946609950197,106.87916054910059
300,200,15,2,128,False,1.0,0.5,50,3e-05,42,106.70359781170419,0.5046603180756226,106.19893760048882
300,200,15,2,128,False,1.0,0.5,50,3e-05,43,105.85052578752212,0.5083586563721546,105.34216725892125
300,200,15,2,128,False,1.0,0.5,50,3e-05,44,105.10080474516305,0.512046007161641,104.58875873207387
300,200,15,2,128,False,1.0,0.5,50,3e-05,45,104.62888888364338,0.5139386355876923,104.1149500641375
300,200,15,2,128,False,1.0,0.5,50,3e-05,46,103.8678170304272,0.5167896116965384,103.35102751505309
300,200,15,2,128,False,1.0,0.5,50,3e-05,47,103.6030420545715,0.5192648659753536,103.08377703250443
300,200,15,2,128,False,1.0,0.5,50,3e-05,48,103.22613542251166,0.5211530482571428,102.70498256788728
300,200,15,2,128,False,1.0,0.5,50,3e-05,49,102.89605944723056,0.523220304955435,102.37283898453686
300,200,30,2,128,False,1.0,0.5,50,3e-05,0,448.3010699024517,0.062181890288686884,448.2388878922436
300,200,30,2,128,False,1.0,0.5,50,3e-05,1,419.20819176099576,0.009389346534931692,419.1988033062845
300,200,30,2,128,False,1.0,0.5,50,3e-05,2,400.89892932196346,0.007607349547048135,400.89132184613476
300,200,30,2,128,False,1.0,0.5,50,3e-05,3,383.78405913463615,0.007780934097399698,383.7762779952413
300,200,30,2,128,False,1.0,0.5,50,3e-05,4,367.3326048455844,0.010941751617732464,367.32166336649686
300,200,30,2,128,False,1.0,0.5,50,3e-05,5,351.3580285172436,0.017332017859083844,351.34069723055507
300,200,30,2,128,False,1.0,0.5,50,3e-05,6,335.7841171348951,0.03592447651478138,335.74819322449065
300,200,30,2,128,False,1.0,0.5,50,3e-05,7,320.5333681896905,0.07486391724061571,320.45850502983643
300,200,30,2,128,False,1.0,0.5,50,3e-05,8,305.48482635666653,0.11977174964563622,305.3650539672177
300,200,30,2,128,False,1.0,0.5,50,3e-05,9,290.57222752017867,0.15629937265130037,290.41592795018994
300,200,30,2,128,False,1.0,0.5,50,3e-05,10,275.8288710789127,0.18881847351295514,275.64005275325883
300,200,30,2,128,False,1.0,0.5,50,3e-05,11,261.34690123500087,0.21747117238479424,261.12943086571454
300,200,30,2,128,False,1.0,0.5,50,3e-05,12,247.09278313231073,0.24768750303687312,246.8450958926375
300,200,30,2,128,False,1.0,0.5,50,3e-05,13,233.2334575336941,0.2761153960754858,232.95734257987849
300,200,30,2,128,False,1.0,0.5,50,3e-05,14,219.71145486568219,0.3017267535404606,219.4097275707603
300,200,30,2,128,False,1.0,0.5,50,3e-05,15,206.72367235046724,0.31953031730256687,206.40414217954182
300,200,30,2,128,False,1.0,0.5,50,3e-05,16,194.40299271220002,0.33829691133446455,194.06469541096556
300,200,30,2,128,False,1.0,0.5,50,3e-05,17,183.0416967908322,0.3534653866817938,182.68823149454528
300,200,30,2,128,False,1.0,0.5,50,3e-05,18,172.77300114921442,0.36682317352426647,172.40617800549248
300,200,30,2,128,False,1.0,0.5,50,3e-05,19,163.20547224013185,0.37595864191898326,162.8295136341074
300,200,30,2,128,False,1.0,0.5,50,3e-05,20,155.11010978235066,0.387380571655147,154.72272934044264
300,200,30,2,128,False,1.0,0.5,50,3e-05,21,147.90496303495124,0.39711154182312897,147.5078508577294
300,200,30,2,128,False,1.0,0.5,50,3e-05,22,141.8731058868914,0.40496434839390916,141.46814091297804
300,200,30,2,128,False,1.0,0.5,50,3e-05,23,136.67512832557298,0.41308168054285627,136.26204613954323
300,200,30,2,128,False,1.0,0.5,50,3e-05,24,132.35271175658505,0.4198421980794622,131.93286988484925
300,200,30,2,128,False,1.0,0.5,50,3e-05,25,128.7119979436885,0.42563699325803894,128.2863609356116
300,200,30,2,128,False,1.0,0.5,50,3e-05,26,125.44022264006388,0.43164856493143744,125.00857379555043
300,200,30,2,128,False,1.0,0.5,50,3e-05,27,123.05405139396204,0.437502589179666,122.61654835906477
300,200,30,2,128,False,1.0,0.5,50,3e-05,28,120.63529715353613,0.44222513466908786,120.19307181848347
300,200,30,2,128,False,1.0,0.5,50,3e-05,29,118.46291810768085,0.4474263220860813,118.01549180173083
300,200,30,2,128,False,1.0,0.5,50,3e-05,30,116.66260085975267,0.45203256607055664,116.21056804340847
300,200,30,2,128,False,1.0,0.5,50,3e-05,31,115.09239883844366,0.45642811998477956,114.63597060567108
300,200,30,2,128,False,1.0,0.5,50,3e-05,32,113.64940731828383,0.45972757790628715,113.18967985711704
300,200,30,2,128,False,1.0,0.5,50,3e-05,33,112.36273560076128,0.4629731337997795,111.89976227481063
300,200,30,2,128,False,1.0,0.5,50,3e-05,34,111.02189640445604,0.4665077168967842,110.55538885632932
300,200,30,2,128,False,1.0,0.5,50,3e-05,35,109.78882531434792,0.47105491358930895,109.31777030986976
300,200,30,2,128,False,1.0,0.5,50,3e-05,36,108.58525532253539,0.4752150449634257,108.11004019047016
300,200,30,2,128,False,1.0,0.5,50,3e-05,37,107.25110229998003,0.4790790202867919,106.77202328002255
300,200,30,2,128,False,1.0,0.5,50,3e-05,38,106.33107753353224,0.4824377892755013,105.84863972532156
300,200,30,2,128,False,1.0,0.5,50,3e-05,39,105.31930251147865,0.48549200619123256,104.83381058497982
300,200,30,2,128,False,1.0,0.5,50,3e-05,40,104.7000289411176,0.48794649434353105,104.21208228854185
300,200,30,2,128,False,1.0,0.5,50,3e-05,41,104.01438043921033,0.4901508353033118,103.52422952388531
300,200,30,2,128,False,1.0,0.5,50,3e-05,42,103.42229229837491,0.493221934493734,102.92907040422133
300,200,30,2,128,False,1.0,0.5,50,3e-05,43,102.72476600942032,0.4966229962709859,102.2281430492085
300,200,30,2,128,False,1.0,0.5,50,3e-05,44,102.87292134827672,0.4984405608796283,102.37448061105296
300,200,30,2,128,False,1.0,0.5,50,3e-05,45,101.97683306952207,0.5009985668224525,101.4758345461682
300,200,30,2,128,False,1.0,0.5,50,3e-05,46,101.47759495519142,0.5032578505863801,100.97433741448334
300,200,30,2,128,False,1.0,0.5,50,3e-05,47,100.68789167035351,0.5056187765703676,100.18227285311367
300,200,30,2,128,False,1.0,0.5,50,3e-05,48,100.07115683371191,0.5080207291558303,99.56313623249201
300,200,30,2,128,False,1.0,0.5,50,3e-05,49,99.46403937576883,0.5105519558184713,98.95348758592131
300,300,15,2,128,False,1.0,0.5,50,3e-05,0,449.01124496881476,0.03887645799656352,448.97236860918076
300,300,15,2,128,False,1.0,0.5,50,3e-05,1,421.3589578702305,0.0032449093279403054,421.355712890625
300,300,15,2,128,False,1.0,0.5,50,3e-05,2,403.16706603666694,0.002434395305755759,403.1646315432385
300,300,15,2,128,False,1.0,0.5,50,3e-05,3,386.115175531714,0.002686277515568786,386.1124893104174
300,300,15,2,128,False,1.0,0.5,50,3e-05,4,369.66330681057923,0.0034297265148418056,369.65987653363476
300,300,15,2,128,False,1.0,0.5,50,3e-05,5,353.6559640452348,0.005132522569063701,353.65083051649907
300,300,15,2,128,False,1.0,0.5,50,3e-05,6,338.0358090901243,0.00854699798597239,338.02726214498443
300,300,15,2,128,False,1.0,0.5,50,3e-05,7,322.75317450254664,0.018847365096952375,322.73432728467066
300,300,15,2,128,False,1.0,0.5,50,3e-05,8,307.7714265433464,0.0444505253178968,307.7269765948722
300,300,15,2,128,False,1.0,0.5,50,3e-05,9,293.0137098112159,0.09357757833451856,292.9201321259388
300,300,15,2,128,False,1.0,0.5,50,3e-05,10,278.4264369564162,0.1429550784398179,278.2834811553112
300,300,15,2,128,False,1.0,0.5,50,3e-05,11,264.0041682627978,0.19556689056572993,263.8086023488756
300,300,15,2,128,False,1.0,0.5,50,3e-05,12,249.7097468086369,0.23735025549791136,249.47239651337512
300,300,15,2,128,False,1.0,0.5,50,3e-05,13,235.69273477628087,0.2815536735630826,235.41118069643474
300,300,15,2,128,False,1.0,0.5,50,3e-05,14,221.85960565219267,0.31223978406816555,221.54736589463377
300,300,15,2,128,False,1.0,0.5,50,3e-05,15,208.5400932691374,0.34093192367922537,208.19916133985993
300,300,15,2,128,False,1.0,0.5,50,3e-05,16,195.7988781165023,0.3696583115922812,195.42921953570118
300,300,15,2,128,False,1.0,0.5,50,3e-05,17,183.77666755802724,0.3871152830716655,183.3895524167224
300,300,15,2,128,False,1.0,0.5,50,3e-05,18,172.73696713948118,0.4037379306324279,172.33322944430356
300,300,15,2,128,False,1.0,0.5,50,3e-05,19,162.83105612064594,0.41979715837299497,162.411258423526
300,300,15,2,128,False,1.0,0.5,50,3e-05,20,153.96098108449692,0.43254745220611107,153.528433193818
300,300,15,2,128,False,1.0,0.5,50,3e-05,21,146.2465189728289,0.4424045905882482,145.80411407302097
300,300,15,2,128,False,1.0,0.5,50,3e-05,22,139.49917720562846,0.4500161929683791,139.04916112067292
300,300,15,2,128,False,1.0,0.5,50,3e-05,23,134.14259890561604,0.45883253875358326,133.6837665705391
300,300,15,2,128,False,1.0,0.5,50,3e-05,24,129.72300218613768,0.4672789020432952,129.2557231839849
300,300,15,2,128,False,1.0,0.5,50,3e-05,25,125.27122885351022,0.4745148914295007,124.79671368677971
300,300,15,2,128,False,1.0,0.5,50,3e-05,26,122.0741318760656,0.47979327114247483,121.59433839070863
300,300,15,2,128,False,1.0,0.5,50,3e-05,27,119.28897967259529,0.48626914620399475,118.80271051733533
300,300,15,2,128,False,1.0,0.5,50,3e-05,28,116.41416931152344,0.492031115524018,115.92213844594376
300,300,15,2,128,False,1.0,0.5,50,3e-05,29,114.07153682814119,0.49591502843640783,113.57562179986944
300,300,15,2,128,False,1.0,0.5,50,3e-05,30,112.424306079169,0.5010565929320636,111.9232494291021
300,300,15,2,128,False,1.0,0.5,50,3e-05,31,110.55514534797457,0.5051091976916593,110.05003597196294
300,300,15,2,128,False,1.0,0.5,50,3e-05,32,109.27205295457365,0.5102487107666817,108.76180414863713
300,300,15,2,128,False,1.0,0.5,50,3e-05,33,108.67080203736026,0.5128622343197712,108.157939889813
300,300,15,2,128,False,1.0,0.5,50,3e-05,34,106.89191327174065,0.5162944390299571,106.3756186132273
300,300,15,2,128,False,1.0,0.5,50,3e-05,35,106.03501470576333,0.5199525516006828,105.51506215301008
300,300,15,2,128,False,1.0,0.5,50,3e-05,36,105.16995403648082,0.5232340456372466,104.64672004320344
300,300,15,2,128,False,1.0,0.5,50,3e-05,37,103.7919078004953,0.5265170391751917,103.26539106000195
300,300,15,2,128,False,1.0,0.5,50,3e-05,38,102.58686259570042,0.5287620247398293,102.05810032628517
300,300,15,2,128,False,1.0,0.5,50,3e-05,39,102.28433227539062,0.5310249934538952,101.75330732145362
300,300,15,2,128,False,1.0,0.5,50,3e-05,40,101.07872300121666,0.5340263040026249,100.54469695539106
300,300,15,2,128,False,1.0,0.5,50,3e-05,41,100.4397374358625,0.5361512685348975,99.90358632967617
300,300,15,2,128,False,1.0,0.5,50,3e-05,42,99.77622349354444,0.5384937643346207,99.23772944666405
300,300,15,2,128,False,1.0,0.5,50,3e-05,43,99.07382779621946,0.5415267196808072,98.53230112823992
300,300,15,2,128,False,1.0,0.5,50,3e-05,44,98.50706789638456,0.5436977105246065,97.96337018092034
300,300,15,2,128,False,1.0,0.5,50,3e-05,45,98.15241443781562,0.545430148504057,97.60698430182525
300,300,15,2,128,False,1.0,0.5,50,3e-05,46,98.29105208591862,0.5472766496858544,97.74377550999763
300,300,15,2,128,False,1.0,0.5,50,3e-05,47,97.65384830032265,0.5495164269241839,97.10433192806349
300,300,15,2,128,False,1.0,0.5,50,3e-05,48,96.86083647164192,0.552150850137953,96.30868572424788
300,300,15,2,128,False,1.0,0.5,50,3e-05,49,96.32631240760423,0.5529207797998882,95.77339176578417
300,300,30,2,128,False,1.0,0.5,50,3e-05,0,448.12180593922653,0.06168556993683152,448.06012013472247
300,300,30,2,128,False,1.0,0.5,50,3e-05,1,420.26238609018907,0.006619980743988443,420.25576579900076
300,300,30,2,128,False,1.0,0.5,50,3e-05,2,402.2959480074888,0.00547079738095732,402.2904774365504
300,300,30,2,128,False,1.0,0.5,50,3e-05,3,385.3768602234224,0.006862768628094242,385.36999730905774
300,300,30,2,128,False,1.0,0.5,50,3e-05,4,368.98800490574286,0.011476889566533803,368.97652759868134
300,300,30,2,128,False,1.0,0.5,50,3e-05,5,353.0286106510057,0.02528125204104745,353.00332827067507
300,300,30,2,128,False,1.0,0.5,50,3e-05,6,337.4030930324154,0.06446933091839374,337.33862490153444
300,300,30,2,128,False,1.0,0.5,50,3e-05,7,322.02567961466247,0.12272492339268573,321.9029557876165
300,300,30,2,128,False,1.0,0.5,50,3e-05,8,306.7363116016704,0.16641070426169022,306.56990144002503
300,300,30,2,128,False,1.0,0.5,50,3e-05,9,291.57531923747194,0.2087695720446044,291.36654983436205
300,300,30,2,128,False,1.0,0.5,50,3e-05,10,276.5452469462189,0.25500670305931766,276.2902405459578
300,300,30,2,128,False,1.0,0.5,50,3e-05,11,261.66515421999094,0.29371045373421345,261.3714437748187
300,300,30,2,128,False,1.0,0.5,50,3e-05,12,247.04958777664774,0.32372586783124596,246.72586127012474
300,300,30,2,128,False,1.0,0.5,50,3e-05,13,232.9985268945852,0.3464722728860971,232.65205501324564
300,300,30,2,128,False,1.0,0.5,50,3e-05,14,218.91408568324306,0.3660678688992453,218.54801814463914
300,300,30,2,128,False,1.0,0.5,50,3e-05,15,205.3193142717056,0.38367530538890904,204.93563884924788
300,300,30,2,128,False,1.0,0.5,50,3e-05,16,192.3345899213085,0.39679274045301405,191.93779699841915
300,300,30,2,128,False,1.0,0.5,50,3e-05,17,180.1332793683637,0.4098979216583526,179.72338184335615
300,300,30,2,128,False,1.0,0.5,50,3e-05,18,168.91841378396387,0.4208494330967329,168.49756491645266
300,300,30,2,128,False,1.0,0.5,50,3e-05,19,158.5896216966829,0.429338394772282,158.16028346277733
300,300,30,2,128,False,1.0,0.5,50,3e-05,20,149.73624761591958,0.4379069378692142,149.29834085538243
300,300,30,2,128,False,1.0,0.5,50,3e-05,21,142.08418864044694,0.4466754130566318,141.63751288145286
300,300,30,2,128,False,1.0,0.5,50,3e-05,22,135.68629308036677,0.4532628222394385,135.2330301611463
300,300,30,2,128,False,1.0,0.5,50,3e-05,23,130.4210167984936,0.4592613345680974,129.9617551097554
300,300,30,2,128,False,1.0,0.5,50,3e-05,24,125.73994323561864,0.4645377313563837,125.27540563088095
300,300,30,2,128,False,1.0,0.5,50,3e-05,25,121.58833886246654,0.46986901727170577,121.11847024991367
300,300,30,2,128,False,1.0,0.5,50,3e-05,26,118.07379791091161,0.4752569103109244,117.59854109116021
300,300,30,2,128,False,1.0,0.5,50,3e-05,27,115.38365927849027,0.4801990205411753,114.90346033928803
300,300,30,2,128,False,1.0,0.5,50,3e-05,28,112.65075110335377,0.48373802228527174,112.16701275735929
300,300,30,2,128,False,1.0,0.5,50,3e-05,29,110.45528002997129,0.4888120140489294,109.96646796800813
300,300,30,2,128,False,1.0,0.5,50,3e-05,30,108.7272953433885,0.4924070818648154,108.2348885720606
300,300,30,2,128,False,1.0,0.5,50,3e-05,31,106.95913245269607,0.4975520118824026,106.46158018164871
300,300,30,2,128,False,1.0,0.5,50,3e-05,32,105.62912632220358,0.5013558836602374,105.12777060830132
300,300,30,2,128,False,1.0,0.5,50,3e-05,33,104.57887520974512,0.5045356281225194,104.07433964007467
300,300,30,2,128,False,1.0,0.5,50,3e-05,34,102.72719396938935,0.5071305428420642,102.2200635203999
300,300,30,2,128,False,1.0,0.5,50,3e-05,35,101.56862412763564,0.5100111847753683,101.05861309747011
300,300,30,2,128,False,1.0,0.5,50,3e-05,36,100.25945598117555,0.5140235598574686,99.74543247960548
300,300,30,2,128,False,1.0,0.5,50,3e-05,37,98.89024867273827,0.5164893608725531,98.37375948574002
300,300,30,2,128,False,1.0,0.5,50,3e-05,38,99.25455234590815,0.5177588597845636,98.7367935180664
300,300,30,2,128,False,1.0,0.5,50,3e-05,39,98.13752759227437,0.5206959033539282,97.61683153184079
300,300,30,2,128,False,1.0,0.5,50,3e-05,40,97.2426063579749,0.5236860691513145,96.71892067082021
300,300,30,2,128,False,1.0,0.5,50,3e-05,41,96.41914439333078,0.5260268202802753,95.89311757799011
300,300,30,2,128,False,1.0,0.5,50,3e-05,42,95.426080271684,0.5288904918491512,94.89718973570766
300,300,30,2,128,False,1.0,0.5,50,3e-05,43,95.15606086688805,0.5310368225060774,94.62502402627007
300,300,30,2,128,False,1.0,0.5,50,3e-05,44,94.7934910895416,0.5329411895894214,94.26054985088538
300,300,30,2,128,False,1.0,0.5,50,3e-05,45,93.84961729945398,0.5350702125064576,93.31454712251274
300,300,30,2,128,False,1.0,0.5,50,3e-05,46,93.1837301939232,0.5369411407254677,92.64678891851098
300,300,30,2,128,False,1.0,0.5,50,3e-05,47,92.88218452917278,0.5384395827245976,92.34374494183788
300,300,30,2,128,False,1.0,0.5,50,3e-05,48,92.95742941166156,0.5404265720541306,92.41700297824586
300,300,30,2,128,False,1.0,0.5,50,3e-05,49,92.1799503979762,0.5422279824868091,91.63772245797004
