train_id,emb_dim,h_dim,latent_dim,categorical_dim,batch_size,save_model,initial_temp,min_temp,epochs,anneal_rate,activation,current_epoch,train_loss,kld,recon_loss
tunning_0,512,512,15,2,128,False,1.0,0.5,50,3e-05,gumbel,0,145.28541746192215,0.06943243528678962,145.21598516643377
tunning_0,512,512,15,2,128,False,1.0,0.5,50,3e-05,gumbel,1,121.14852357305874,0.0009582973383135518,121.14756534639643
tunning_0,512,512,15,2,128,False,1.0,0.5,50,3e-05,gumbel,2,118.71672348949791,0.0005787618167071928,118.71614458284326
tunning_0,512,512,15,2,128,False,1.0,0.5,50,3e-05,gumbel,3,117.63467651704399,0.00038703455927702006,117.63428931473368
tunning_0,512,512,15,2,128,False,1.0,0.5,50,3e-05,gumbel,4,116.68947125008093,0.00033496636852303014,116.68913639974858
tunning_0,512,512,15,2,128,False,1.0,0.5,50,3e-05,gumbel,5,115.62553818844958,0.0002906611168342874,115.62524759703578
tunning_0,512,512,15,2,128,False,1.0,0.5,50,3e-05,gumbel,6,114.7856301576393,0.0002847051137649243,114.7853455938687
tunning_0,512,512,15,2,128,False,1.0,0.5,50,3e-05,gumbel,7,113.97024734244162,0.00023428843438191832,113.97001314953546
tunning_0,512,512,15,2,128,False,1.0,0.5,50,3e-05,gumbel,8,114.34838597418853,0.0003335235127632491,114.34805272560752
tunning_0,512,512,15,2,128,False,1.0,0.5,50,3e-05,gumbel,9,112.93138312239674,0.0003422138980462458,112.9310406005185
tunning_0,512,512,15,2,128,False,1.0,0.5,50,3e-05,gumbel,10,111.90725952485649,0.00023998233651451622,111.90701964151793
tunning_0,512,512,15,2,128,False,1.0,0.5,50,3e-05,gumbel,11,111.15346059219613,0.00028302486867255413,111.15317767232821
tunning_0,512,512,15,2,128,False,1.0,0.5,50,3e-05,gumbel,12,110.55904143949898,0.00032035702942723914,110.55872104708003
tunning_0,512,512,15,2,128,False,1.0,0.5,50,3e-05,gumbel,13,110.04835316357692,0.0005609992335522188,110.0477922977005
tunning_0,512,512,15,2,128,False,1.0,0.5,50,3e-05,gumbel,14,109.39880935921853,0.00073288393014584,109.39807655798137
tunning_0,512,512,15,2,128,False,1.0,0.5,50,3e-05,gumbel,15,108.73229061569297,0.0008657557046612035,108.73142478479207
tunning_0,512,512,15,2,128,False,1.0,0.5,50,3e-05,gumbel,16,108.16730617291361,0.0017003446990413108,108.16560578741421
tunning_0,512,512,15,2,128,False,1.0,0.5,50,3e-05,gumbel,17,107.49363771723121,0.0025900473569916015,107.49104772746892
tunning_0,512,512,15,2,128,False,1.0,0.5,50,3e-05,gumbel,18,107.50485667866238,0.031435807570634994,107.47342108626393
tunning_0,512,512,15,2,128,False,1.0,0.5,50,3e-05,gumbel,19,106.8681068631167,0.07601214647910542,106.79209457313158
tunning_0,512,512,15,2,128,False,1.0,0.5,50,3e-05,gumbel,20,106.18563998733437,0.11212360202360548,106.07351612913016
tunning_0,512,512,15,2,128,False,1.0,0.5,50,3e-05,gumbel,21,105.077356791628,0.17364992468890564,104.9037072619022
tunning_0,512,512,15,2,128,False,1.0,0.5,50,3e-05,gumbel,22,103.95319324303728,0.10145307756260613,103.85174021009583
tunning_0,512,512,15,2,128,False,1.0,0.5,50,3e-05,gumbel,23,102.95453441472344,0.09642362302344148,102.85811071237806
tunning_0,512,512,15,2,128,False,1.0,0.5,50,3e-05,gumbel,24,102.10153527022726,0.12887923637641727,101.97265578633514
tunning_0,512,512,15,2,128,False,1.0,0.5,50,3e-05,gumbel,25,101.12642762410707,0.13928524684675492,100.98714227834459
tunning_0,512,512,15,2,128,False,1.0,0.5,50,3e-05,gumbel,26,100.13647317622906,0.14074700860852035,99.99572635882467
tunning_0,512,512,15,2,128,False,1.0,0.5,50,3e-05,gumbel,27,98.68228823835679,0.1626315748740955,98.51965635520978
tunning_0,512,512,15,2,128,False,1.0,0.5,50,3e-05,gumbel,28,97.75209230876101,0.23153592325047234,97.5205565816131
tunning_0,512,512,15,2,128,False,1.0,0.5,50,3e-05,gumbel,29,96.30659674544361,0.22975052234546914,96.07684633876737
tunning_0,512,512,15,2,128,False,1.0,0.5,50,3e-05,gumbel,30,94.77120588102393,0.23822915315298746,94.53297689869918
tunning_0,512,512,15,2,128,False,1.0,0.5,50,3e-05,gumbel,31,93.23185810068036,0.30160534653545085,92.93025266531423
tunning_0,512,512,15,2,128,False,1.0,0.5,50,3e-05,gumbel,32,92.93320068865191,0.37936967067955607,92.55383119530441
tunning_0,512,512,15,2,128,False,1.0,0.5,50,3e-05,gumbel,33,91.40962657612332,0.440511937299486,90.96911469348886
tunning_0,512,512,15,2,128,False,1.0,0.5,50,3e-05,gumbel,34,89.28032397696985,0.4297572759633565,88.850566842938
tunning_0,512,512,15,2,128,False,1.0,0.5,50,3e-05,gumbel,35,87.69170017137053,0.4956776023898994,87.19602253950762
tunning_0,512,512,15,2,128,False,1.0,0.5,50,3e-05,gumbel,36,87.16735919931317,0.48547738148362596,86.68188206793853
tunning_0,512,512,15,2,128,False,1.0,0.5,50,3e-05,gumbel,37,85.67092895507812,0.49167789263619904,85.17925093845768
tunning_0,512,512,15,2,128,False,1.0,0.5,50,3e-05,gumbel,38,83.98522232645783,0.4879289592168608,83.49729325099544
tunning_0,512,512,15,2,128,False,1.0,0.5,50,3e-05,gumbel,39,82.49460922156908,0.5094203008801897,81.98518902689054
tunning_0,512,512,15,2,128,False,1.0,0.5,50,3e-05,gumbel,40,81.23795423981893,0.5266844505104571,80.7112696526459
tunning_0,512,512,15,2,128,False,1.0,0.5,50,3e-05,gumbel,41,80.03260432290767,0.5694764768550409,79.46312776850074
tunning_0,512,512,15,2,128,False,1.0,0.5,50,3e-05,gumbel,42,78.71083142612521,0.58168942032598,78.12914225541425
tunning_0,512,512,15,2,128,False,1.0,0.5,50,3e-05,gumbel,43,77.27348955691849,0.5482038822621931,76.72528571450249
tunning_0,512,512,15,2,128,False,1.0,0.5,50,3e-05,gumbel,44,76.33497400441881,0.5276514795603673,75.80732276031326
tunning_0,512,512,15,2,128,False,1.0,0.5,50,3e-05,gumbel,45,75.75359616358635,0.5242962181897454,75.22929987196106
tunning_0,512,512,15,2,128,False,1.0,0.5,50,3e-05,gumbel,46,74.61468124389648,0.5509483389432918,74.06373290594111
tunning_0,512,512,15,2,128,False,1.0,0.5,50,3e-05,gumbel,47,73.97877276931679,0.5521342349315875,73.42663860847937
tunning_0,512,512,15,2,128,False,1.0,0.5,50,3e-05,gumbel,48,73.00572006478494,0.5285667844569486,72.47715327225995
tunning_0,512,512,15,2,128,False,1.0,0.5,50,3e-05,gumbel,49,72.17053916045974,0.5360410583941317,71.6344981746779
tunning_1,512,512,15,2,128,False,1.0,0.5,50,3e-05,bc,0,145.04870656050372,0.050445248808606284,144.99826134107388
tunning_1,512,512,15,2,128,False,1.0,0.5,50,3e-05,bc,1,120.6788345674125,0.0018007288046486068,120.67703390384906
tunning_1,512,512,15,2,128,False,1.0,0.5,50,3e-05,bc,2,118.57813857273503,0.0004670983519680407,118.57767153576593
tunning_1,512,512,15,2,128,False,1.0,0.5,50,3e-05,bc,3,117.55741157320982,0.0004036664685880179,117.55700797402397
tunning_1,512,512,15,2,128,False,1.0,0.5,50,3e-05,bc,4,116.51544395994745,0.00044937129204807215,116.51499441578902
tunning_1,512,512,15,2,128,False,1.0,0.5,50,3e-05,bc,5,115.38321517185612,0.0005813142664547887,115.38263394687716
tunning_1,512,512,15,2,128,False,1.0,0.5,50,3e-05,bc,6,114.34389285092854,0.0004470524752290034,114.34344558294306
tunning_1,512,512,15,2,128,False,1.0,0.5,50,3e-05,bc,7,113.495232471445,0.0004868134681761872,113.49474553903822
tunning_1,512,512,15,2,128,False,1.0,0.5,50,3e-05,bc,8,115.30143885322697,0.0011829446924198162,115.30025612846923
tunning_1,512,512,15,2,128,False,1.0,0.5,50,3e-05,bc,9,112.4646673044447,0.0003846494968336086,112.46428275766952
tunning_1,512,512,15,2,128,False,1.0,0.5,50,3e-05,bc,10,111.71090403182731,0.00034888996107526924,111.71055514509507
tunning_1,512,512,15,2,128,False,1.0,0.5,50,3e-05,bc,11,111.10972793326194,0.0004206186582370358,111.1093073049303
tunning_1,512,512,15,2,128,False,1.0,0.5,50,3e-05,bc,12,110.52028318795051,0.00038143105151129176,110.5199015917699
tunning_1,512,512,15,2,128,False,1.0,0.5,50,3e-05,bc,13,110.00785616879963,0.0004232488951268889,110.00743301138694
tunning_1,512,512,15,2,128,False,1.0,0.5,50,3e-05,bc,14,109.38077650544393,0.00042777741914782263,109.38034871138262
tunning_1,512,512,15,2,128,False,1.0,0.5,50,3e-05,bc,15,108.81251888380525,0.0004533247230928237,108.81206571463063
tunning_1,512,512,15,2,128,False,1.0,0.5,50,3e-05,bc,16,108.35259449152656,0.0004645276516264315,108.35212973073043
tunning_1,512,512,15,2,128,False,1.0,0.5,50,3e-05,bc,17,107.58880075697083,0.000414282206840844,107.58838653564453
tunning_1,512,512,15,2,128,False,1.0,0.5,50,3e-05,bc,18,106.90117632618266,0.0004354776120429488,106.90074090272682
tunning_1,512,512,15,2,128,False,1.0,0.5,50,3e-05,bc,19,105.9787976175382,0.0004350552454369544,105.97836215193101
tunning_1,512,512,15,2,128,False,1.0,0.5,50,3e-05,bc,20,105.13170712297133,0.0004804658131720241,105.13122680832667
tunning_1,512,512,15,2,128,False,1.0,0.5,50,3e-05,bc,21,104.28671542847354,0.00043859117302930405,104.28627713872582
tunning_1,512,512,15,2,128,False,1.0,0.5,50,3e-05,bc,22,103.02050435608922,0.0005461013536946591,103.019958285337
tunning_1,512,512,15,2,128,False,1.0,0.5,50,3e-05,bc,23,102.67385788385381,0.0006553692532862788,102.67320268325385
tunning_1,512,512,15,2,128,False,1.0,0.5,50,3e-05,bc,24,100.8989681855091,0.0003552051856489955,100.89861314467963
tunning_1,512,512,15,2,128,False,1.0,0.5,50,3e-05,bc,25,99.76795862524548,0.0006514055020393269,99.76730700751035
tunning_1,512,512,15,2,128,False,1.0,0.5,50,3e-05,bc,26,98.34054489557256,0.00041573190537746996,98.34012907249493
tunning_1,512,512,15,2,128,False,1.0,0.5,50,3e-05,bc,27,96.9809634804067,0.0004133341590505999,96.98055005995609
tunning_1,512,512,15,2,128,False,1.0,0.5,50,3e-05,bc,28,95.52525839621191,0.0003570260696958246,95.52490141642028
tunning_1,512,512,15,2,128,False,1.0,0.5,50,3e-05,bc,29,94.14212731630104,0.0004638815417664527,94.14166318777517
tunning_1,512,512,15,2,128,False,1.0,0.5,50,3e-05,bc,30,92.70168456188223,0.0003665182427554623,92.70131797158257
tunning_1,512,512,15,2,128,False,1.0,0.5,50,3e-05,bc,31,90.28836312478418,0.0004252564444692898,90.28793785980393
tunning_1,512,512,15,2,128,False,1.0,0.5,50,3e-05,bc,32,88.51353618980113,0.000452032840478836,88.51308424301568
tunning_1,512,512,15,2,128,False,1.0,0.5,50,3e-05,bc,33,87.18574747327942,0.000439076332435866,87.18530850911009
tunning_1,512,512,15,2,128,False,1.0,0.5,50,3e-05,bc,34,86.46188569464077,0.0006846910958739193,86.4612008194897
tunning_1,512,512,15,2,128,False,1.0,0.5,50,3e-05,bc,35,85.38124248862925,0.0006506086696320064,85.3805920932833
tunning_1,512,512,15,2,128,False,1.0,0.5,50,3e-05,bc,36,86.90287346602804,0.000657726119906585,86.90221569419566
tunning_1,512,512,15,2,128,False,1.0,0.5,50,3e-05,bc,37,83.96154121272471,0.000623127635235857,83.96091802607583
tunning_1,512,512,15,2,128,False,1.0,0.5,50,3e-05,bc,38,82.43589978718626,0.0005762398455842547,82.43532376789915
tunning_1,512,512,15,2,128,False,1.0,0.5,50,3e-05,bc,39,80.63134803561216,0.0005707237475554238,80.63077703233581
tunning_1,512,512,15,2,128,False,1.0,0.5,50,3e-05,bc,40,78.99802219538398,0.0007300364137858728,78.99729223936302
tunning_1,512,512,15,2,128,False,1.0,0.5,50,3e-05,bc,41,77.29201808950519,0.000881143236527662,77.29113687336115
tunning_1,512,512,15,2,128,False,1.0,0.5,50,3e-05,bc,42,76.21700036064696,0.0006935460949946936,76.21630676016623
tunning_1,512,512,15,2,128,False,1.0,0.5,50,3e-05,bc,43,75.49036965976104,0.0007977808852363584,75.48957175576226
tunning_1,512,512,15,2,128,False,1.0,0.5,50,3e-05,bc,44,74.4699152951741,0.0010691420636615761,74.46884625261
tunning_1,512,512,15,2,128,False,1.0,0.5,50,3e-05,bc,45,73.0383279284061,0.000537922653788958,73.03778978210786
tunning_1,512,512,15,2,128,False,1.0,0.5,50,3e-05,bc,46,72.44012103423229,0.0007797673864621998,72.4393415503739
tunning_1,512,512,15,2,128,False,1.0,0.5,50,3e-05,bc,47,72.18468528030985,0.0008574145733834198,72.18382760569536
tunning_1,512,512,15,2,128,False,1.0,0.5,50,3e-05,bc,48,71.59581912551796,0.0016368872919235668,71.59418188274236
tunning_1,512,512,15,2,128,False,1.0,0.5,50,3e-05,bc,49,70.77094922144768,0.0010188935856458355,70.76993036006695
tunning_2,512,512,30,2,128,False,1.0,0.5,50,3e-05,gumbel,0,143.63457640758534,0.13629668215013147,143.4982799298197
tunning_2,512,512,30,2,128,False,1.0,0.5,50,3e-05,gumbel,1,120.05398083260046,0.0009590835105987956,120.05302167860843
tunning_2,512,512,30,2,128,False,1.0,0.5,50,3e-05,gumbel,2,118.18143661246116,0.0006228438830993637,118.18081395270416
tunning_2,512,512,30,2,128,False,1.0,0.5,50,3e-05,gumbel,3,117.07430655126413,0.0004842851643170132,117.07382227439248
tunning_2,512,512,30,2,128,False,1.0,0.5,50,3e-05,gumbel,4,116.03096037806726,0.0003337812010528139,116.03062641291328
tunning_2,512,512,30,2,128,False,1.0,0.5,50,3e-05,gumbel,5,115.17486901046163,0.00032516570048836364,115.17454414999946
tunning_2,512,512,30,2,128,False,1.0,0.5,50,3e-05,gumbel,6,114.55559598806813,0.0004038860473411353,114.55519238888229
tunning_2,512,512,30,2,128,False,1.0,0.5,50,3e-05,gumbel,7,116.44804095695032,0.0013236019756189593,116.44671719377212
tunning_2,512,512,30,2,128,False,1.0,0.5,50,3e-05,gumbel,8,114.16170682959793,0.0006565676236046653,114.16105053306285
tunning_2,512,512,30,2,128,False,1.0,0.5,50,3e-05,gumbel,9,112.89188642133007,0.0005925946030572818,112.89129368903228
tunning_2,512,512,30,2,128,False,1.0,0.5,50,3e-05,gumbel,10,112.10025871656218,0.0006839905475402631,112.09957497949759
tunning_2,512,512,30,2,128,False,1.0,0.5,50,3e-05,gumbel,11,111.45940563560191,0.0008204818889112804,111.45858549676548
tunning_2,512,512,30,2,128,False,1.0,0.5,50,3e-05,gumbel,12,110.8552181602183,0.0010485926981325883,110.85416977181619
tunning_2,512,512,30,2,128,False,1.0,0.5,50,3e-05,gumbel,13,110.37522829171702,0.0012012508257873645,110.37402710466753
tunning_2,512,512,30,2,128,False,1.0,0.5,50,3e-05,gumbel,14,109.75265979239954,0.0013395788859401042,109.75132039107012
tunning_2,512,512,30,2,128,False,1.0,0.5,50,3e-05,gumbel,15,109.119700479244,0.0018904348507328011,109.11781003330294
tunning_2,512,512,30,2,128,False,1.0,0.5,50,3e-05,gumbel,16,108.41943785103645,0.0025672488762271584,108.41687091806317
tunning_2,512,512,30,2,128,False,1.0,0.5,50,3e-05,gumbel,17,107.77897344768377,0.003749142029806354,107.77522438007165
tunning_2,512,512,30,2,128,False,1.0,0.5,50,3e-05,gumbel,18,107.07158024403272,0.006476073029312145,107.06510419476757
tunning_2,512,512,30,2,128,False,1.0,0.5,50,3e-05,gumbel,19,106.23949984555745,0.006608619665963709,106.23289127244475
tunning_2,512,512,30,2,128,False,1.0,0.5,50,3e-05,gumbel,20,105.46572488184134,0.011308960477662021,105.45441567436767
tunning_2,512,512,30,2,128,False,1.0,0.5,50,3e-05,gumbel,21,104.74763012459265,0.016469324113111635,104.73116091733479
tunning_2,512,512,30,2,128,False,1.0,0.5,50,3e-05,gumbel,22,103.93439441491228,0.168946648808968,103.76544758496364
tunning_2,512,512,30,2,128,False,1.0,0.5,50,3e-05,gumbel,23,103.783314446718,0.20129156557235928,103.5820229883352
tunning_2,512,512,30,2,128,False,1.0,0.5,50,3e-05,gumbel,24,102.51248531446932,0.12695539516309348,102.38553012405312
tunning_2,512,512,30,2,128,False,1.0,0.5,50,3e-05,gumbel,25,101.66838684925058,0.215849038028256,101.45253774737785
tunning_2,512,512,30,2,128,False,1.0,0.5,50,3e-05,gumbel,26,100.1048159941784,0.17954247901782147,99.92527341052313
tunning_2,512,512,30,2,128,False,1.0,0.5,50,3e-05,gumbel,27,98.26769530575578,0.15124886149530253,98.11644669000616
tunning_2,512,512,30,2,128,False,1.0,0.5,50,3e-05,gumbel,28,96.70700949990288,0.14499162100461307,96.5620178306959
tunning_2,512,512,30,2,128,False,1.0,0.5,50,3e-05,gumbel,29,95.11145828837189,0.16310794812045704,94.94835047432072
tunning_2,512,512,30,2,128,False,1.0,0.5,50,3e-05,gumbel,30,93.73282429394801,0.20688881202297316,93.52593547336305
tunning_2,512,512,30,2,128,False,1.0,0.5,50,3e-05,gumbel,31,93.50563024025595,0.5262223633613375,92.9794077161926
tunning_2,512,512,30,2,128,False,1.0,0.5,50,3e-05,gumbel,32,92.24142123059015,0.6033156573443123,91.63810552944794
tunning_2,512,512,30,2,128,False,1.0,0.5,50,3e-05,gumbel,33,94.12407760198603,0.582697371751564,93.5413802763375
tunning_2,512,512,30,2,128,False,1.0,0.5,50,3e-05,gumbel,34,89.42342216533851,0.5641169452535514,88.85930494445464
tunning_2,512,512,30,2,128,False,1.0,0.5,50,3e-05,gumbel,35,86.74944356001544,0.5663605065635555,86.18308325498802
tunning_2,512,512,30,2,128,False,1.0,0.5,50,3e-05,gumbel,36,85.70174500691957,0.5643848826213437,85.13736029356224
tunning_2,512,512,30,2,128,False,1.0,0.5,50,3e-05,gumbel,37,84.01726013520805,0.5508044892253138,83.46645582841904
tunning_2,512,512,30,2,128,False,1.0,0.5,50,3e-05,gumbel,38,82.36806749375485,0.5714974755740297,81.79657014035388
tunning_2,512,512,30,2,128,False,1.0,0.5,50,3e-05,gumbel,39,80.89730908725802,0.5968332340045529,80.30047580023496
tunning_2,512,512,30,2,128,False,1.0,0.5,50,3e-05,gumbel,40,79.783417064182,0.5959519444249611,79.18746514083273
tunning_2,512,512,30,2,128,False,1.0,0.5,50,3e-05,gumbel,41,78.5389301026065,0.597002593193265,77.94192770436324
tunning_2,512,512,30,2,128,False,1.0,0.5,50,3e-05,gumbel,42,77.13906915148318,0.5970380678361292,76.5420312407267
tunning_2,512,512,30,2,128,False,1.0,0.5,50,3e-05,gumbel,43,75.08894670602366,0.5976739542260354,74.49127268922922
tunning_2,512,512,30,2,128,False,1.0,0.5,50,3e-05,gumbel,44,73.68599336318549,0.6051467558297005,73.08084652305308
tunning_2,512,512,30,2,128,False,1.0,0.5,50,3e-05,gumbel,45,71.99245088271674,0.6083127059330597,71.38413818106467
tunning_2,512,512,30,2,128,False,1.0,0.5,50,3e-05,gumbel,46,70.49671929712454,0.6085082200350682,69.8882109499768
tunning_2,512,512,30,2,128,False,1.0,0.5,50,3e-05,gumbel,47,69.05200292260608,0.6051051672650964,68.44689789661386
tunning_2,512,512,30,2,128,False,1.0,0.5,50,3e-05,gumbel,48,67.74126790505088,0.6026183327258621,67.13864964016234
tunning_2,512,512,30,2,128,False,1.0,0.5,50,3e-05,gumbel,49,66.7470614607163,0.6069279217588309,66.14013368385272
tunning_3,512,512,30,2,128,False,1.0,0.5,50,3e-05,bc,0,144.69285271576095,0.05488171842070142,144.6379707715788
tunning_3,512,512,30,2,128,False,1.0,0.5,50,3e-05,bc,1,120.37241502624849,0.001472045617140778,120.37094289031477
tunning_3,512,512,30,2,128,False,1.0,0.5,50,3e-05,bc,2,118.41753914343059,0.0006003674262496565,118.41693907679773
tunning_3,512,512,30,2,128,False,1.0,0.5,50,3e-05,bc,3,117.52226725204216,0.0006604558918162028,117.52160669822061
tunning_3,512,512,30,2,128,False,1.0,0.5,50,3e-05,bc,4,116.74768079051655,0.0007429221352029757,116.7469378308038
tunning_3,512,512,30,2,128,False,1.0,0.5,50,3e-05,bc,5,115.55460269148179,0.0006778112365684127,115.55392502421174
tunning_3,512,512,30,2,128,False,1.0,0.5,50,3e-05,bc,6,114.6924481892454,0.0006847520339886725,114.69176386206189
tunning_3,512,512,30,2,128,False,1.0,0.5,50,3e-05,bc,7,113.72687939385683,0.000645049888182699,113.72623435173246
tunning_3,512,512,30,2,128,False,1.0,0.5,50,3e-05,bc,8,112.93509168256054,0.0005814048534938396,112.93451028897617
tunning_3,512,512,30,2,128,False,1.0,0.5,50,3e-05,bc,9,112.81435651410351,0.000877440635157358,112.81347909158106
tunning_3,512,512,30,2,128,False,1.0,0.5,50,3e-05,bc,10,113.80125629572578,0.001178084904661155,113.80007829191935
tunning_3,512,512,30,2,128,False,1.0,0.5,50,3e-05,bc,11,111.61750232844062,0.0004094938912560124,111.6170927016116
tunning_3,512,512,30,2,128,False,1.0,0.5,50,3e-05,bc,12,110.90449675670645,0.00048613608713475316,110.90401054087265
tunning_3,512,512,30,2,128,False,1.0,0.5,50,3e-05,bc,13,110.25819325315359,0.0004766482873678269,110.25771664782782
tunning_3,512,512,30,2,128,False,1.0,0.5,50,3e-05,bc,14,109.74665541675209,0.0008321051680076435,109.74582347553738
tunning_3,512,512,30,2,128,False,1.0,0.5,50,3e-05,bc,15,109.1494224084675,0.0005038448643017797,109.14891853121763
tunning_3,512,512,30,2,128,False,1.0,0.5,50,3e-05,bc,16,109.60123734447838,0.0010896363489854648,109.60014768990364
tunning_3,512,512,30,2,128,False,1.0,0.5,50,3e-05,bc,17,109.00133291002136,0.0004135679681296589,109.0009197003275
tunning_3,512,512,30,2,128,False,1.0,0.5,50,3e-05,bc,18,107.36941629483555,0.00045742947411741446,107.36895869976908
tunning_3,512,512,30,2,128,False,1.0,0.5,50,3e-05,bc,19,106.51843704307936,0.0005489489551149926,106.51788827464067
tunning_3,512,512,30,2,128,False,1.0,0.5,50,3e-05,bc,20,105.68643576268991,0.0005337577767429606,105.68590195798083
tunning_3,512,512,30,2,128,False,1.0,0.5,50,3e-05,bc,21,104.8635613457274,0.0006074980673932043,104.86295390260813
tunning_3,512,512,30,2,128,False,1.0,0.5,50,3e-05,bc,22,103.8604840441962,0.0005846796148084876,103.85989927850376
tunning_3,512,512,30,2,128,False,1.0,0.5,50,3e-05,bc,23,102.69734229830748,0.0008241277775284706,102.6965184923035
tunning_3,512,512,30,2,128,False,1.0,0.5,50,3e-05,bc,24,101.53170502383406,0.0005911323967073319,101.53111389328761
tunning_3,512,512,30,2,128,False,1.0,0.5,50,3e-05,bc,25,101.82614131527052,0.0007449386563236974,101.82539650089834
tunning_3,512,512,30,2,128,False,1.0,0.5,50,3e-05,bc,26,100.20514409186431,0.0005193424477204629,100.20462487152268
tunning_3,512,512,30,2,128,False,1.0,0.5,50,3e-05,bc,27,98.47992415454506,0.0004903697179603385,98.47943372357616
tunning_3,512,512,30,2,128,False,1.0,0.5,50,3e-05,bc,28,97.7681145009415,0.0005299350274443749,97.76758453200536
tunning_3,512,512,30,2,128,False,1.0,0.5,50,3e-05,bc,29,96.37761287794588,0.0005067303341469928,96.37710605010143
tunning_3,512,512,30,2,128,False,1.0,0.5,50,3e-05,bc,30,94.97527561925392,0.00044235801499514473,94.97483345158193
tunning_3,512,512,30,2,128,False,1.0,0.5,50,3e-05,bc,31,93.63795450115731,0.0004417337769853435,93.63751262854475
tunning_3,512,512,30,2,128,False,1.0,0.5,50,3e-05,bc,32,92.29925081874784,0.0005228853578202025,92.29872755187651
tunning_3,512,512,30,2,128,False,1.0,0.5,50,3e-05,bc,33,90.83771502247173,0.000518955253736754,90.83719639224901
tunning_3,512,512,30,2,128,False,1.0,0.5,50,3e-05,bc,34,89.3519222617808,0.0005101554693257982,89.35141197752557
tunning_3,512,512,30,2,128,False,1.0,0.5,50,3e-05,bc,35,87.58250848759604,0.0004898917723642611,87.58201856244335
tunning_3,512,512,30,2,128,False,1.0,0.5,50,3e-05,bc,36,86.56862292632213,0.0006122625841648518,86.56801063579749
tunning_3,512,512,30,2,128,False,1.0,0.5,50,3e-05,bc,37,85.28936828697584,0.0009461911330874289,85.28842215775126
tunning_3,512,512,30,2,128,False,1.0,0.5,50,3e-05,bc,38,83.82849411938072,0.0006537422472199435,83.82784012009425
tunning_3,512,512,30,2,128,False,1.0,0.5,50,3e-05,bc,39,82.21471337587136,0.0009551946850730241,82.21375831056037
tunning_3,512,512,30,2,128,False,1.0,0.5,50,3e-05,bc,40,86.2346098462521,3.960017688318673,82.27459242594176
tunning_3,512,512,30,2,128,False,1.0,0.5,50,3e-05,bc,41,81.72412079869055,0.006947578235853525,81.71717301258066
tunning_3,512,512,30,2,128,False,1.0,0.5,50,3e-05,bc,42,81.3200149325376,0.004219546700886949,81.3157952872429
tunning_3,512,512,30,2,128,False,1.0,0.5,50,3e-05,bc,43,80.33059251901194,0.0031696350322727588,80.32742246343285
tunning_3,512,512,30,2,128,False,1.0,0.5,50,3e-05,bc,44,79.13296002972851,0.0027271061826970697,79.13023281624304
tunning_3,512,512,30,2,128,False,1.0,0.5,50,3e-05,bc,45,77.33720545478947,0.00261089340262681,77.3345948108652
tunning_3,512,512,30,2,128,False,1.0,0.5,50,3e-05,bc,46,76.36866220716614,0.0024395972568778453,76.36622240266747
tunning_3,512,512,30,2,128,False,1.0,0.5,50,3e-05,bc,47,75.70208702298159,0.002390257795521403,75.69969716783386
tunning_3,512,512,30,2,128,False,1.0,0.5,50,3e-05,bc,48,74.90313056819346,0.002281174872801202,74.90084967428808
tunning_3,512,512,30,2,128,False,1.0,0.5,50,3e-05,bc,49,74.76800863782346,0.0027905694544778426,74.76521802870609
tunning_4,512,1024,15,2,128,False,1.0,0.5,50,3e-05,gumbel,0,138.85707155512182,0.16005586333900404,138.6970153724291
tunning_4,512,1024,15,2,128,False,1.0,0.5,50,3e-05,gumbel,1,119.53811696089434,0.04037580327310944,119.49774110909983
tunning_4,512,1024,15,2,128,False,1.0,0.5,50,3e-05,gumbel,2,117.87741514595832,0.018807650677530475,117.85860750820096
tunning_4,512,1024,15,2,128,False,1.0,0.5,50,3e-05,gumbel,3,116.6036336487828,0.03398167645527842,116.56965190402711
tunning_4,512,1024,15,2,128,False,1.0,0.5,50,3e-05,gumbel,4,115.56621159506108,0.02511833379693453,115.54109318348584
tunning_4,512,1024,15,2,128,False,1.0,0.5,50,3e-05,gumbel,5,114.65873309393614,0.016356297251536867,114.64237676799627
tunning_4,512,1024,15,2,128,False,1.0,0.5,50,3e-05,gumbel,6,113.92858705467941,0.019258136081493855,113.90932873467715
tunning_4,512,1024,15,2,128,False,1.0,0.5,50,3e-05,gumbel,7,113.22319616665497,0.01599063902311233,113.20720541938233
tunning_4,512,1024,15,2,128,False,1.0,0.5,50,3e-05,gumbel,8,112.59054742465362,0.017837219701781457,112.57271032175306
tunning_4,512,1024,15,2,128,False,1.0,0.5,50,3e-05,gumbel,9,111.83897020540185,0.015252732036336845,111.82371748613389
tunning_4,512,1024,15,2,128,False,1.0,0.5,50,3e-05,gumbel,10,111.17251009440554,0.018827139145247022,111.15368310917808
tunning_4,512,1024,15,2,128,False,1.0,0.5,50,3e-05,gumbel,11,111.66398346621688,0.047920796482499625,111.61606256474448
tunning_4,512,1024,15,2,128,False,1.0,0.5,50,3e-05,gumbel,12,111.9215677166512,0.2793993600824261,111.64216824526287
tunning_4,512,1024,15,2,128,False,1.0,0.5,50,3e-05,gumbel,13,109.85847334045073,0.26951610424571276,109.58895709633168
tunning_4,512,1024,15,2,128,False,1.0,0.5,50,3e-05,gumbel,14,109.20935775166717,0.2729254046362408,108.93643226412779
tunning_4,512,1024,15,2,128,False,1.0,0.5,50,3e-05,gumbel,15,108.23319923021516,0.22444331456613803,108.00875605799217
tunning_4,512,1024,15,2,128,False,1.0,0.5,50,3e-05,gumbel,16,107.3747452793859,0.24437768115193803,107.13036789024733
tunning_4,512,1024,15,2,128,False,1.0,0.5,50,3e-05,gumbel,17,106.5390777166377,0.2705737137498118,106.2685041058788
tunning_4,512,1024,15,2,128,False,1.0,0.5,50,3e-05,gumbel,18,106.34131951094992,0.3064727201152243,106.034846901235
tunning_4,512,1024,15,2,128,False,1.0,0.5,50,3e-05,gumbel,19,104.86949267308357,0.27118040168482954,104.59831225147563
tunning_4,512,1024,15,2,128,False,1.0,0.5,50,3e-05,gumbel,20,103.75135453366443,0.3587135287279582,103.39264076190759
tunning_4,512,1024,15,2,128,False,1.0,0.5,50,3e-05,gumbel,21,102.57117238756042,0.36856887617163897,102.20260337703135
tunning_4,512,1024,15,2,128,False,1.0,0.5,50,3e-05,gumbel,22,100.70588363731764,0.36963787954815186,100.33624579498122
tunning_4,512,1024,15,2,128,False,1.0,0.5,50,3e-05,gumbel,23,99.19604433175608,0.4455593009350708,98.75048482483922
tunning_4,512,1024,15,2,128,False,1.0,0.5,50,3e-05,gumbel,24,97.40910765084114,0.4691771095958204,96.93993061550414
tunning_4,512,1024,15,2,128,False,1.0,0.5,50,3e-05,gumbel,25,95.31819734520676,0.4758569342984679,94.84234041667116
tunning_4,512,1024,15,2,128,False,1.0,0.5,50,3e-05,gumbel,26,93.59736654376456,0.547804531636159,93.04956202217228
tunning_4,512,1024,15,2,128,False,1.0,0.5,50,3e-05,gumbel,27,91.3993276943818,0.5712828168552884,90.8280448281304
tunning_4,512,1024,15,2,128,False,1.0,0.5,50,3e-05,gumbel,28,89.37975939334427,0.686445731484429,88.69331359863281
tunning_4,512,1024,15,2,128,False,1.0,0.5,50,3e-05,gumbel,29,88.23751240935773,0.688272961266133,87.54923926927766
tunning_4,512,1024,15,2,128,False,1.0,0.5,50,3e-05,gumbel,30,85.89194201896204,0.6930743067304074,85.19886788215426
tunning_4,512,1024,15,2,128,False,1.0,0.5,50,3e-05,gumbel,31,84.97203363239436,0.6879146395467263,84.28411890525186
tunning_4,512,1024,15,2,128,False,1.0,0.5,50,3e-05,gumbel,32,83.5400302107163,0.6913570692526043,82.84867416297533
tunning_4,512,1024,15,2,128,False,1.0,0.5,50,3e-05,gumbel,33,80.99846488994788,0.6931389991749716,80.30532678846497
tunning_4,512,1024,15,2,128,False,1.0,0.5,50,3e-05,gumbel,34,78.6493903102137,0.6931338369517036,77.95625644494157
tunning_4,512,1024,15,2,128,False,1.0,0.5,50,3e-05,gumbel,35,76.44950651727329,0.6930884932944787,75.75641769071969
tunning_4,512,1024,15,2,128,False,1.0,0.5,50,3e-05,gumbel,36,74.38483538548591,0.6924446880488105,73.69239048404589
tunning_4,512,1024,15,2,128,False,1.0,0.5,50,3e-05,gumbel,37,72.72579564047123,0.6931451223173194,72.03264990959379
tunning_4,512,1024,15,2,128,False,1.0,0.5,50,3e-05,gumbel,38,70.54829056882068,0.6931445417483209,69.85514496439728
tunning_4,512,1024,15,2,128,False,1.0,0.5,50,3e-05,gumbel,39,69.4921664243245,0.6931436210047475,68.79902128356596
tunning_4,512,1024,15,2,128,False,1.0,0.5,50,3e-05,gumbel,40,68.64702273205499,0.693137493581403,67.95388604264232
tunning_4,512,1024,15,2,128,False,1.0,0.5,50,3e-05,gumbel,41,66.01704210734499,0.6918818950653076,65.3251603901057
tunning_4,512,1024,15,2,128,False,1.0,0.5,50,3e-05,gumbel,42,65.41550772229611,0.6931468235195012,64.72236186496461
tunning_4,512,1024,15,2,128,False,1.0,0.5,50,3e-05,gumbel,43,66.39352760525698,0.6931468212143492,65.70038181115251
tunning_4,512,1024,15,2,128,False,1.0,0.5,50,3e-05,gumbel,44,63.295088478214836,0.6931468139695858,62.60194257873198
tunning_4,512,1024,15,2,128,False,1.0,0.5,50,3e-05,gumbel,45,61.32521832713765,0.6931467975042143,60.63207240657912
tunning_4,512,1024,15,2,128,False,1.0,0.5,50,3e-05,gumbel,46,60.28907040337831,0.6931467675372381,59.59592452497113
tunning_4,512,1024,15,2,128,False,1.0,0.5,50,3e-05,gumbel,47,64.21027066562716,0.693146731313421,63.517124850447004
tunning_4,512,1024,15,2,128,False,1.0,0.5,50,3e-05,gumbel,48,59.738642887515915,0.6931467062860562,59.04549711448711
tunning_4,512,1024,15,2,128,False,1.0,0.5,50,3e-05,gumbel,49,58.584707228518326,0.6931467052981339,57.891561413338174
tunning_5,512,1024,15,2,128,False,1.0,0.5,50,3e-05,bc,0,137.55776062854747,0.09580769021744526,137.46195301034834
tunning_5,512,1024,15,2,128,False,1.0,0.5,50,3e-05,bc,1,119.33569799602361,0.002042431981194744,119.33365572091624
tunning_5,512,1024,15,2,128,False,1.0,0.5,50,3e-05,bc,2,117.71372610692819,0.0010101716749650524,117.7127159076501
tunning_5,512,1024,15,2,128,False,1.0,0.5,50,3e-05,bc,3,116.51420732361177,0.000870938952954342,116.51333630809468
tunning_5,512,1024,15,2,128,False,1.0,0.5,50,3e-05,bc,4,115.87768617914527,0.000703556572864712,115.87698275739976
tunning_5,512,1024,15,2,128,False,1.0,0.5,50,3e-05,bc,5,114.69168739951118,0.0006773566264557544,114.69100998514924
tunning_5,512,1024,15,2,128,False,1.0,0.5,50,3e-05,bc,6,113.64749512224566,0.0006882467171922069,113.64680674853246
tunning_5,512,1024,15,2,128,False,1.0,0.5,50,3e-05,bc,7,112.80287263143128,0.0007613391148502738,112.8021112094268
tunning_5,512,1024,15,2,128,False,1.0,0.5,50,3e-05,bc,8,111.87452149786343,0.0007075881156157085,111.87381394528552
tunning_5,512,1024,15,2,128,False,1.0,0.5,50,3e-05,bc,9,111.19663293322147,0.000636192771878855,111.19599686933486
tunning_5,512,1024,15,2,128,False,1.0,0.5,50,3e-05,bc,10,110.39944023848898,0.0006070195484034284,110.39883313258049
tunning_5,512,1024,15,2,128,False,1.0,0.5,50,3e-05,bc,11,109.54702134949068,0.0005470854768887142,109.54647426710603
tunning_5,512,1024,15,2,128,False,1.0,0.5,50,3e-05,bc,12,108.69002174672501,0.00059376841102912,108.68942796064346
tunning_5,512,1024,15,2,128,False,1.0,0.5,50,3e-05,bc,13,108.41025572718836,0.0005488609066213743,108.40970704305238
tunning_5,512,1024,15,2,128,False,1.0,0.5,50,3e-05,bc,14,106.88912331596923,0.0004714101204682059,106.88865151589746
tunning_5,512,1024,15,2,128,False,1.0,0.5,50,3e-05,bc,15,105.60373535999277,0.0005486597889424585,105.60318676015949
tunning_5,512,1024,15,2,128,False,1.0,0.5,50,3e-05,bc,16,104.06561426826603,0.0006307463489025214,104.064983557601
tunning_5,512,1024,15,2,128,False,1.0,0.5,50,3e-05,bc,17,102.93851597401319,0.0011643260451759216,102.93735150079043
tunning_5,512,1024,15,2,128,False,1.0,0.5,50,3e-05,bc,18,101.52763240245166,0.0008323086542720541,101.52680003972344
tunning_5,512,1024,15,2,128,False,1.0,0.5,50,3e-05,bc,19,98.78879319501846,0.0005979737057382735,98.78819523595314
tunning_5,512,1024,15,2,128,False,1.0,0.5,50,3e-05,bc,20,96.24208110999007,0.000598119751653809,96.24148289801666
tunning_5,512,1024,15,2,128,False,1.0,0.5,50,3e-05,bc,21,93.48666820209988,0.0007058181848186609,93.48596250418142
tunning_5,512,1024,15,2,128,False,1.0,0.5,50,3e-05,bc,22,91.01379668515031,0.0006291062485244002,91.01316744978257
tunning_5,512,1024,15,2,128,False,1.0,0.5,50,3e-05,bc,23,88.45465155332786,0.0006683598338749815,88.45398337011179
tunning_5,512,1024,15,2,128,False,1.0,0.5,50,3e-05,bc,24,85.97321279536294,0.0005812374114390792,85.97263184436777
tunning_5,512,1024,15,2,128,False,1.0,0.5,50,3e-05,bc,25,83.48060989379883,0.0005333877481502167,83.48007659490595
tunning_5,512,1024,15,2,128,False,1.0,0.5,50,3e-05,bc,26,81.16054762529404,0.0006745148158937086,81.1598729718456
tunning_5,512,1024,15,2,128,False,1.0,0.5,50,3e-05,bc,27,79.56934468390533,0.0005850119810346874,79.5687595599264
tunning_5,512,1024,15,2,128,False,1.0,0.5,50,3e-05,bc,28,77.99558915617716,0.0005489448907891885,77.99504017698172
tunning_5,512,1024,15,2,128,False,1.0,0.5,50,3e-05,bc,29,75.70291898527198,0.0004422189206340304,75.70247711265944
tunning_5,512,1024,15,2,128,False,1.0,0.5,50,3e-05,bc,30,74.28360862099663,0.0004855022556341423,74.2831230374331
tunning_5,512,1024,15,2,128,False,1.0,0.5,50,3e-05,bc,31,72.59581897798823,0.0006183624157112205,72.59520074412309
tunning_5,512,1024,15,2,128,False,1.0,0.5,50,3e-05,bc,32,70.73291805962832,0.0007225864794226208,70.73219556439648
tunning_5,512,1024,15,2,128,False,1.0,0.5,50,3e-05,bc,33,68.81663169650083,0.0004050129081813351,68.81622639018528
tunning_5,512,1024,15,2,128,False,1.0,0.5,50,3e-05,bc,34,66.51734958037487,0.0004319631127487528,66.51691784516224
tunning_5,512,1024,15,2,128,False,1.0,0.5,50,3e-05,bc,35,66.00443813682261,0.000624686102344248,66.00381336949806
tunning_5,512,1024,15,2,128,False,1.0,0.5,50,3e-05,bc,36,64.52661343569255,0.0008520849366821555,64.52576107214827
tunning_5,512,1024,15,2,128,False,1.0,0.5,50,3e-05,bc,37,84.2722982543608,14.221809405807113,70.05048874069972
tunning_5,512,1024,15,2,128,False,1.0,0.5,50,3e-05,bc,38,65.99249105295424,0.35445571060997344,65.63803515776745
tunning_5,512,1024,15,2,128,False,1.0,0.5,50,3e-05,bc,39,64.02434537687354,0.20446123038701589,63.81988428442518
tunning_5,512,1024,15,2,128,False,1.0,0.5,50,3e-05,bc,40,61.56321952356159,0.14294155979354078,61.420278053915965
tunning_5,512,1024,15,2,128,False,1.0,0.5,50,3e-05,bc,41,59.251257206194964,0.11886153691216728,59.132395728516975
tunning_5,512,1024,15,2,128,False,1.0,0.5,50,3e-05,bc,42,58.49575373612715,0.11188086046122056,58.38387279615876
tunning_5,512,1024,15,2,128,False,1.0,0.5,50,3e-05,bc,43,56.852630109418165,0.28816856956366677,56.56446151311885
tunning_5,512,1024,15,2,128,False,1.0,0.5,50,3e-05,bc,44,55.05517451670947,0.09295508769747302,54.962219596567735
tunning_5,512,1024,15,2,128,False,1.0,0.5,50,3e-05,bc,45,53.93875868149225,0.11401063463141246,53.82474804451452
tunning_5,512,1024,15,2,128,False,1.0,0.5,50,3e-05,bc,46,53.92079691597111,0.1367671869242389,53.78402975514449
tunning_5,512,1024,15,2,128,False,1.0,0.5,50,3e-05,bc,47,51.68351248219527,0.15519157858843302,51.528320691862156
tunning_5,512,1024,15,2,128,False,1.0,0.5,50,3e-05,bc,48,51.00712029051385,0.13483296598189443,50.87228734980631
tunning_5,512,1024,15,2,128,False,1.0,0.5,50,3e-05,bc,49,50.27654495028501,0.15913908296774104,50.11740575969549
tunning_6,512,1024,30,2,128,False,1.0,0.5,50,3e-05,gumbel,0,137.5268800008363,0.5265492374808332,137.0003305087432
tunning_6,512,1024,30,2,128,False,1.0,0.5,50,3e-05,gumbel,1,119.50778990687586,0.2638268025067136,119.24396295705553
tunning_6,512,1024,30,2,128,False,1.0,0.5,50,3e-05,gumbel,2,117.67510788216775,0.008502477528501652,117.66660536455186
tunning_6,512,1024,30,2,128,False,1.0,0.5,50,3e-05,gumbel,3,116.19736569230727,0.00196710439014264,116.19539857305874
tunning_6,512,1024,30,2,128,False,1.0,0.5,50,3e-05,gumbel,4,115.33092140492813,0.0012206018263041891,115.32970078610583
tunning_6,512,1024,30,2,128,False,1.0,0.5,50,3e-05,gumbel,5,114.61438843953675,0.000990207901498488,114.61339805139363
tunning_6,512,1024,30,2,128,False,1.0,0.5,50,3e-05,gumbel,6,113.76694636055119,0.0007927075720801229,113.76615374654696
tunning_6,512,1024,30,2,128,False,1.0,0.5,50,3e-05,gumbel,7,112.98405452327833,0.0006633964142098365,112.98339131392169
tunning_6,512,1024,30,2,128,False,1.0,0.5,50,3e-05,gumbel,8,112.74394091189896,0.0009514803315438228,112.74298921869605
tunning_6,512,1024,30,2,128,False,1.0,0.5,50,3e-05,gumbel,9,111.66424290778228,0.0007042669347366473,111.6635385165557
tunning_6,512,1024,30,2,128,False,1.0,0.5,50,3e-05,gumbel,10,110.88264570710409,0.0015132867537235625,110.88113222069504
tunning_6,512,1024,30,2,128,False,1.0,0.5,50,3e-05,gumbel,11,109.96776918021355,0.0012398917579802154,109.96652921392113
tunning_6,512,1024,30,2,128,False,1.0,0.5,50,3e-05,gumbel,12,109.13240894296551,0.0010168559928694792,109.1313918730172
tunning_6,512,1024,30,2,128,False,1.0,0.5,50,3e-05,gumbel,13,108.23850574809543,0.0011712177082554062,108.23733465711057
tunning_6,512,1024,30,2,128,False,1.0,0.5,50,3e-05,gumbel,14,107.28674071928414,0.001423916668027835,107.28531693095002
tunning_6,512,1024,30,2,128,False,1.0,0.5,50,3e-05,gumbel,15,106.16270657534099,0.001754727412995404,106.16095202535556
tunning_6,512,1024,30,2,128,False,1.0,0.5,50,3e-05,gumbel,16,106.5611716844759,0.21684677818293543,106.34432490227631
tunning_6,512,1024,30,2,128,False,1.0,0.5,50,3e-05,gumbel,17,104.91775588567744,0.484922432273791,104.4328336346874
tunning_6,512,1024,30,2,128,False,1.0,0.5,50,3e-05,gumbel,18,102.8591876372448,0.4993687444958239,102.35981885372604
tunning_6,512,1024,30,2,128,False,1.0,0.5,50,3e-05,gumbel,19,100.77352066461553,0.49959810152238243,100.27392224053652
tunning_6,512,1024,30,2,128,False,1.0,0.5,50,3e-05,gumbel,20,98.35264933043422,0.495784268359453,97.85686492919922
tunning_6,512,1024,30,2,128,False,1.0,0.5,50,3e-05,gumbel,21,96.24514896961865,0.4982295047841678,95.74691941066341
tunning_6,512,1024,30,2,128,False,1.0,0.5,50,3e-05,gumbel,22,93.76751055638435,0.5702193071499714,93.1972912530214
tunning_6,512,1024,30,2,128,False,1.0,0.5,50,3e-05,gumbel,23,91.36254406502233,0.6275787567565454,90.73496537182213
tunning_6,512,1024,30,2,128,False,1.0,0.5,50,3e-05,gumbel,24,88.63801191129737,0.6366401034824097,88.00137173141563
tunning_6,512,1024,30,2,128,False,1.0,0.5,50,3e-05,gumbel,25,86.10248515092206,0.6525482574879136,85.4499367982643
tunning_6,512,1024,30,2,128,False,1.0,0.5,50,3e-05,gumbel,26,83.50986236235055,0.6564222577527083,82.85344025838441
tunning_6,512,1024,30,2,128,False,1.0,0.5,50,3e-05,gumbel,27,80.80588691669274,0.664837813179796,80.1410491058181
tunning_6,512,1024,30,2,128,False,1.0,0.5,50,3e-05,gumbel,28,78.47612747698199,0.6744228466439642,77.80170459641936
tunning_6,512,1024,30,2,128,False,1.0,0.5,50,3e-05,gumbel,29,77.32461752285614,0.677391316021345,76.64722621770196
tunning_6,512,1024,30,2,128,False,1.0,0.5,50,3e-05,gumbel,30,75.07050498414435,0.677953827117688,74.39255127458941
tunning_6,512,1024,30,2,128,False,1.0,0.5,50,3e-05,gumbel,31,74.30911845001727,0.683977851880848,73.62514051152856
tunning_6,512,1024,30,2,128,False,1.0,0.5,50,3e-05,gumbel,32,72.05832134689415,0.6931182284381509,71.36520341483269
tunning_6,512,1024,30,2,128,False,1.0,0.5,50,3e-05,gumbel,33,69.77888804904664,0.6930726677673298,69.0858150924767
tunning_6,512,1024,30,2,128,False,1.0,0.5,50,3e-05,gumbel,34,67.80245562811582,0.6859945934780395,67.11646112684387
tunning_6,512,1024,30,2,128,False,1.0,0.5,50,3e-05,gumbel,35,65.35562369836629,0.6883237144565055,64.66730003989204
tunning_6,512,1024,30,2,128,False,1.0,0.5,50,3e-05,gumbel,36,63.98262605614425,0.6927773606711329,63.28984874915023
tunning_6,512,1024,30,2,128,False,1.0,0.5,50,3e-05,gumbel,37,62.799261187980186,0.6931420120086459,62.106118765983794
tunning_6,512,1024,30,2,128,False,1.0,0.5,50,3e-05,gumbel,38,62.04786043535938,0.6931277562900143,61.35473268203314
tunning_6,512,1024,30,2,128,False,1.0,0.5,50,3e-05,gumbel,39,60.77538638878922,0.6929278851214035,60.082458411791045
tunning_6,512,1024,30,2,128,False,1.0,0.5,50,3e-05,gumbel,40,59.11526622034568,0.6930479753083287,58.42221754295391
tunning_6,512,1024,30,2,128,False,1.0,0.5,50,3e-05,gumbel,41,57.91411415648065,0.6921186736934093,57.2219954854217
tunning_6,512,1024,30,2,128,False,1.0,0.5,50,3e-05,gumbel,42,56.28435963161743,0.6928708648813363,55.591489149062014
tunning_6,512,1024,30,2,128,False,1.0,0.5,50,3e-05,gumbel,43,56.08631382726174,0.693146042402278,55.39316803315727
tunning_6,512,1024,30,2,128,False,1.0,0.5,50,3e-05,gumbel,44,53.57670412010909,0.6931456505264366,52.883558347080296
tunning_6,512,1024,30,2,128,False,1.0,0.5,50,3e-05,gumbel,45,52.7060074569112,0.6931440026720584,52.01286307487698
tunning_6,512,1024,30,2,128,False,1.0,0.5,50,3e-05,gumbel,46,52.161177703688814,0.6913879447879053,51.46978974737515
tunning_6,512,1024,30,2,128,False,1.0,0.5,50,3e-05,gumbel,47,52.57076425710436,0.69234273907888,51.87842176237159
tunning_6,512,1024,30,2,128,False,1.0,0.5,50,3e-05,gumbel,48,50.896651779090504,0.6930042021182361,50.20364757137404
tunning_6,512,1024,30,2,128,False,1.0,0.5,50,3e-05,gumbel,49,49.53221864858385,0.6928935973025159,48.83932573097187
tunning_7,512,1024,30,2,128,False,1.0,0.5,50,3e-05,bc,0,136.80980973217368,0.10923819849138966,136.7005710917942
tunning_7,512,1024,30,2,128,False,1.0,0.5,50,3e-05,bc,1,119.3915556175274,0.0017361957275949275,119.38981940337966
tunning_7,512,1024,30,2,128,False,1.0,0.5,50,3e-05,bc,2,117.79283550957949,0.0006488005803365425,117.79218658953081
tunning_7,512,1024,30,2,128,False,1.0,0.5,50,3e-05,bc,3,116.4175225357983,0.0005465650868933977,116.41697579062446
tunning_7,512,1024,30,2,128,False,1.0,0.5,50,3e-05,bc,4,115.33023029137712,0.00044772529959143526,115.32978239112137
tunning_7,512,1024,30,2,128,False,1.0,0.5,50,3e-05,bc,5,114.40728995813191,0.0006328418803303529,114.40665705559663
tunning_7,512,1024,30,2,128,False,1.0,0.5,50,3e-05,bc,6,113.55251038272078,0.000696820974895391,113.55181341013197
tunning_7,512,1024,30,2,128,False,1.0,0.5,50,3e-05,bc,7,113.15558586331362,0.0008770347115723931,113.1547090309101
tunning_7,512,1024,30,2,128,False,1.0,0.5,50,3e-05,bc,8,112.10898446773297,0.0006469412768215909,112.1083374444951
tunning_7,512,1024,30,2,128,False,1.0,0.5,50,3e-05,bc,9,111.36787250160512,0.0006950898322685832,111.36717759443252
tunning_7,512,1024,30,2,128,False,1.0,0.5,50,3e-05,bc,10,110.63397111418497,0.000809854692190973,110.63316113382413
tunning_7,512,1024,30,2,128,False,1.0,0.5,50,3e-05,bc,11,109.89478955347893,0.0007322217544890652,109.89405721590664
tunning_7,512,1024,30,2,128,False,1.0,0.5,50,3e-05,bc,12,109.18714938506237,0.0007147315352703625,109.18643470890615
tunning_7,512,1024,30,2,128,False,1.0,0.5,50,3e-05,bc,13,108.66825204923008,0.0007028472285012802,108.66754930190619
tunning_7,512,1024,30,2,128,False,1.0,0.5,50,3e-05,bc,14,107.61031177162465,0.0006591521610489156,107.60965248234365
tunning_7,512,1024,30,2,128,False,1.0,0.5,50,3e-05,bc,15,106.41964207433205,0.0006551166109738161,106.41898691588344
tunning_7,512,1024,30,2,128,False,1.0,0.5,50,3e-05,bc,16,105.01875094419026,0.000804137818815022,105.01794690716991
tunning_7,512,1024,30,2,128,False,1.0,0.5,50,3e-05,bc,17,103.31025139402948,0.000878009698977591,103.30937325493407
tunning_7,512,1024,30,2,128,False,1.0,0.5,50,3e-05,bc,18,101.16244928349448,0.0008781301381853693,101.16157127085312
tunning_7,512,1024,30,2,128,False,1.0,0.5,50,3e-05,bc,19,98.70122439558335,0.0010224563199563662,98.70020197241345
tunning_7,512,1024,30,2,128,False,1.0,0.5,50,3e-05,bc,20,96.71371670717693,0.0018184832789297138,96.71189829789472
tunning_7,512,1024,30,2,128,False,1.0,0.5,50,3e-05,bc,21,94.90718538063007,0.001115029895143038,94.90607043524473
tunning_7,512,1024,30,2,128,False,1.0,0.5,50,3e-05,bc,22,92.61545752425221,0.0013125153330478879,92.6141445096685
tunning_7,512,1024,30,2,128,False,1.0,0.5,50,3e-05,bc,23,89.02576425457528,0.0009403386264550628,89.02482427944794
tunning_7,512,1024,30,2,128,False,1.0,0.5,50,3e-05,bc,24,87.16309120641887,0.0008039994440903342,87.16228729585258
tunning_7,512,1024,30,2,128,False,1.0,0.5,50,3e-05,bc,25,84.87731301323485,0.0009194956820661418,84.8763935236641
tunning_7,512,1024,30,2,128,False,1.0,0.5,50,3e-05,bc,26,82.60284339525423,0.0006824247008421103,82.60216092273016
tunning_7,512,1024,30,2,128,False,1.0,0.5,50,3e-05,bc,27,80.33225796104136,0.0007768291770995116,80.3314807744316
tunning_7,512,1024,30,2,128,False,1.0,0.5,50,3e-05,bc,28,77.92716149598854,0.0008326419519816232,77.92632885927654
tunning_7,512,1024,30,2,128,False,1.0,0.5,50,3e-05,bc,29,75.18351534848713,0.0007507973307169953,75.18276473830419
tunning_7,512,1024,30,2,128,False,1.0,0.5,50,3e-05,bc,30,72.50389345706498,0.0007319437722271586,72.5031613513251
tunning_7,512,1024,30,2,128,False,1.0,0.5,50,3e-05,bc,31,71.69603000029674,0.000783092955266285,71.69524693357351
tunning_7,512,1024,30,2,128,False,1.0,0.5,50,3e-05,bc,32,70.6503539744003,0.0007976934751778718,70.64955644976368
tunning_7,512,1024,30,2,128,False,1.0,0.5,50,3e-05,bc,33,68.63874150903186,0.000783867677686561,68.63795732529782
tunning_7,512,1024,30,2,128,False,1.0,0.5,50,3e-05,bc,34,67.15416681700648,0.0008350288453936391,67.15333177766747
tunning_7,512,1024,30,2,128,False,1.0,0.5,50,3e-05,bc,35,66.01518774296039,0.0007684872613046627,66.01441915522622
tunning_7,512,1024,30,2,128,False,1.0,0.5,50,3e-05,bc,36,155.9839283432091,90.50924455033675,65.47468400396694
tunning_7,512,1024,30,2,128,False,1.0,0.5,50,3e-05,bc,37,71.75186500760073,4.797495494560642,66.95436983477344
tunning_7,512,1024,30,2,128,False,1.0,0.5,50,3e-05,bc,38,63.71946050317248,0.2995302433467043,63.419930157740474
tunning_7,512,1024,30,2,128,False,1.0,0.5,50,3e-05,bc,39,60.72656094040001,0.19648592157587821,60.53007498893948
tunning_7,512,1024,30,2,128,False,1.0,0.5,50,3e-05,bc,40,63.24739357121083,0.21140436655250044,63.03598890778768
tunning_7,512,1024,30,2,128,False,1.0,0.5,50,3e-05,bc,41,60.749565988614414,0.20715321777439907,60.54241273152894
tunning_7,512,1024,30,2,128,False,1.0,0.5,50,3e-05,bc,42,58.84471024992716,0.25310657815544646,58.59160358997998
tunning_7,512,1024,30,2,128,False,1.0,0.5,50,3e-05,bc,43,57.77200633517945,0.3288836116537205,57.44312284269385
tunning_7,512,1024,30,2,128,False,1.0,0.5,50,3e-05,bc,44,55.96369792875005,0.379001967156131,55.5846959741076
tunning_7,512,1024,30,2,128,False,1.0,0.5,50,3e-05,bc,45,54.0520336087896,0.31278547735174717,53.73924813876494
tunning_7,512,1024,30,2,128,False,1.0,0.5,50,3e-05,bc,46,53.08296308991659,0.3948838473683563,52.68807924386546
tunning_7,512,1024,30,2,128,False,1.0,0.5,50,3e-05,bc,47,52.90590977537039,0.7451277970444432,52.16078200788129
tunning_7,512,1024,30,2,128,False,1.0,0.5,50,3e-05,bc,48,54.26663882429428,0.9666538646043334,53.29998503205526
tunning_7,512,1024,30,2,128,False,1.0,0.5,50,3e-05,bc,49,52.53011547531212,1.1941864667511777,51.33592909080547
tunning_8,256,512,15,2,128,False,1.0,0.5,50,3e-05,gumbel,0,147.74034261966938,0.04234971702399532,147.69799345237774
tunning_8,256,512,15,2,128,False,1.0,0.5,50,3e-05,gumbel,1,121.14915904682644,0.0004588293198827983,121.14870006076539
tunning_8,256,512,15,2,128,False,1.0,0.5,50,3e-05,gumbel,2,118.82460949302379,0.00032756934797864676,118.82428193487515
tunning_8,256,512,15,2,128,False,1.0,0.5,50,3e-05,gumbel,3,117.67932921351648,0.00032429547569758223,117.67900481671919
tunning_8,256,512,15,2,128,False,1.0,0.5,50,3e-05,gumbel,4,117.05045740117026,0.00018714564259566664,117.05027020702046
tunning_8,256,512,15,2,128,False,1.0,0.5,50,3e-05,gumbel,5,116.69923455675662,0.00014897431694749403,116.69908567818489
tunning_8,256,512,15,2,128,False,1.0,0.5,50,3e-05,gumbel,6,115.6384866619637,0.00016421069891464727,115.63832248245156
tunning_8,256,512,15,2,128,False,1.0,0.5,50,3e-05,gumbel,7,115.00066978496741,0.00014075055088589317,115.00052878869832
tunning_8,256,512,15,2,128,False,1.0,0.5,50,3e-05,gumbel,8,114.40619878610853,0.00010990682044368783,114.40608877108242
tunning_8,256,512,15,2,128,False,1.0,0.5,50,3e-05,gumbel,9,113.72476976089057,8.892599848701711e-05,113.724680947994
tunning_8,256,512,15,2,128,False,1.0,0.5,50,3e-05,gumbel,10,113.06201096002569,0.00010234804020664599,113.06190844794004
tunning_8,256,512,15,2,128,False,1.0,0.5,50,3e-05,gumbel,11,112.37986721650013,0.000104204836450723,112.37976318696586
tunning_8,256,512,15,2,128,False,1.0,0.5,50,3e-05,gumbel,12,112.22051964016909,0.000482082770457517,112.22003785022714
tunning_8,256,512,15,2,128,False,1.0,0.5,50,3e-05,gumbel,13,111.38374885011115,0.0002845275738869552,111.38346424418918
tunning_8,256,512,15,2,128,False,1.0,0.5,50,3e-05,gumbel,14,111.03106069828266,0.0004655037536600975,111.03059538951895
tunning_8,256,512,15,2,128,False,1.0,0.5,50,3e-05,gumbel,15,110.40303680251317,0.00047986969275873423,110.40255678292796
tunning_8,256,512,15,2,128,False,1.0,0.5,50,3e-05,gumbel,16,110.02336053163307,0.005177052559164477,110.01818371345983
tunning_8,256,512,15,2,128,False,1.0,0.5,50,3e-05,gumbel,17,109.47510279871483,0.0014386955424834516,109.4736641309538
tunning_8,256,512,15,2,128,False,1.0,0.5,50,3e-05,gumbel,18,108.95465661148998,0.00127530496024645,108.95338102730598
tunning_8,256,512,15,2,128,False,1.0,0.5,50,3e-05,gumbel,19,108.53095460333218,0.002033672147097313,108.52892088494907
tunning_8,256,512,15,2,128,False,1.0,0.5,50,3e-05,gumbel,20,107.94791129939463,0.001479472930270417,107.94643191342854
tunning_8,256,512,15,2,128,False,1.0,0.5,50,3e-05,gumbel,21,107.39665437139858,0.0014723787928072128,107.39518189825405
tunning_8,256,512,15,2,128,False,1.0,0.5,50,3e-05,gumbel,22,106.73329326987925,0.001774240203152889,106.73151916166695
tunning_8,256,512,15,2,128,False,1.0,0.5,50,3e-05,gumbel,23,106.16443452782394,0.0017782932009743474,106.16265620447655
tunning_8,256,512,15,2,128,False,1.0,0.5,50,3e-05,gumbel,24,105.76544703699608,0.1522071842645753,105.61323985737332
tunning_8,256,512,15,2,128,False,1.0,0.5,50,3e-05,gumbel,25,105.12563543161635,0.10918004535015116,105.01645571882554
tunning_8,256,512,15,2,128,False,1.0,0.5,50,3e-05,gumbel,26,104.45705780535113,0.1008085509690132,104.35624943517189
tunning_8,256,512,15,2,128,False,1.0,0.5,50,3e-05,gumbel,27,103.49777765432115,0.09117825211987969,103.4065993503971
tunning_8,256,512,15,2,128,False,1.0,0.5,50,3e-05,gumbel,28,102.45405662915984,0.10105514404935073,102.35300167357724
tunning_8,256,512,15,2,128,False,1.0,0.5,50,3e-05,gumbel,29,102.54194451432201,0.21315700103894122,102.32878745063233
tunning_8,256,512,15,2,128,False,1.0,0.5,50,3e-05,gumbel,30,101.17621334349911,0.24140242170233753,100.93481124962233
tunning_8,256,512,15,2,128,False,1.0,0.5,50,3e-05,gumbel,31,100.14785939422102,0.2630981556783065,99.8847613255622
tunning_8,256,512,15,2,128,False,1.0,0.5,50,3e-05,gumbel,32,99.0623968556441,0.31542862540121236,98.74696830623057
tunning_8,256,512,15,2,128,False,1.0,0.5,50,3e-05,gumbel,33,97.98243173841614,0.3179078481638629,97.66452393083941
tunning_8,256,512,15,2,128,False,1.0,0.5,50,3e-05,gumbel,34,96.91654959831449,0.33526955413225606,96.5812799864711
tunning_8,256,512,15,2,128,False,1.0,0.5,50,3e-05,gumbel,35,95.95531164348455,0.3443524348472363,95.6109594271328
tunning_8,256,512,15,2,128,False,1.0,0.5,50,3e-05,gumbel,36,94.96711326304062,0.34768133738093615,94.61943231234893
tunning_8,256,512,15,2,128,False,1.0,0.5,50,3e-05,gumbel,37,93.51422022192517,0.3525314278365499,93.16168874666836
tunning_8,256,512,15,2,128,False,1.0,0.5,50,3e-05,gumbel,38,92.56334150957139,0.34887336408565056,92.21446813931122
tunning_8,256,512,15,2,128,False,1.0,0.5,50,3e-05,gumbel,39,90.90112696695064,0.4999171194121324,90.40120996296076
tunning_8,256,512,15,2,128,False,1.0,0.5,50,3e-05,gumbel,40,88.83821148108382,0.5155434188592499,88.32266800179666
tunning_8,256,512,15,2,128,False,1.0,0.5,50,3e-05,gumbel,41,87.76405157436982,0.4708967245086122,87.29315476391197
tunning_8,256,512,15,2,128,False,1.0,0.5,50,3e-05,gumbel,42,86.95517996266402,0.5281399280985416,86.42704014224901
tunning_8,256,512,15,2,128,False,1.0,0.5,50,3e-05,gumbel,43,85.07613391770842,0.5404242426980266,84.53570976046568
tunning_8,256,512,15,2,128,False,1.0,0.5,50,3e-05,gumbel,44,82.99530994562812,0.5753101077527631,82.42000006575611
tunning_8,256,512,15,2,128,False,1.0,0.5,50,3e-05,gumbel,45,81.27063610013677,0.578643183352539,80.69199299680594
tunning_8,256,512,15,2,128,False,1.0,0.5,50,3e-05,gumbel,46,80.64456421235649,0.5598960923885113,80.08466832282134
tunning_8,256,512,15,2,128,False,1.0,0.5,50,3e-05,gumbel,47,80.60636404469527,0.5501834215050903,80.05618043762544
tunning_8,256,512,15,2,128,False,1.0,0.5,50,3e-05,gumbel,48,79.19278582156693,0.564707551871874,78.62807822886093
tunning_8,256,512,15,2,128,False,1.0,0.5,50,3e-05,gumbel,49,77.63541026668653,0.5394446117113967,77.09596562253836
tunning_9,256,512,15,2,128,False,1.0,0.5,50,3e-05,bc,0,148.96309316224156,0.021383105035619143,148.9417099926353
tunning_9,256,512,15,2,128,False,1.0,0.5,50,3e-05,bc,1,121.6423615935099,0.0014804222132851117,121.64088140666814
tunning_9,256,512,15,2,128,False,1.0,0.5,50,3e-05,bc,2,119.07382404474922,0.00040540086264330996,119.07341867520664
tunning_9,256,512,15,2,128,False,1.0,0.5,50,3e-05,bc,3,117.87119348009647,0.00029559985066259805,117.87089778836919
tunning_9,256,512,15,2,128,False,1.0,0.5,50,3e-05,bc,4,117.12590520026275,0.0004449986225767164,117.12546016629888
tunning_9,256,512,15,2,128,False,1.0,0.5,50,3e-05,bc,5,116.17649010926979,0.0003558585688536755,116.17613414111058
tunning_9,256,512,15,2,128,False,1.0,0.5,50,3e-05,bc,6,115.48483461833132,0.00031432082428106814,115.48452016925285
tunning_9,256,512,15,2,128,False,1.0,0.5,50,3e-05,bc,7,114.77632592132737,0.0002665129537711522,114.776059398335
tunning_9,256,512,15,2,128,False,1.0,0.5,50,3e-05,bc,8,114.17351700587825,0.0002560085784714638,114.17326123148038
tunning_9,256,512,15,2,128,False,1.0,0.5,50,3e-05,bc,9,113.53159201606202,0.0002200168978184261,113.5313720703125
tunning_9,256,512,15,2,128,False,1.0,0.5,50,3e-05,bc,10,113.37590161739791,0.0003475036641077308,113.37555386875216
tunning_9,256,512,15,2,128,False,1.0,0.5,50,3e-05,bc,11,112.47358433844634,0.0001946572146509666,112.47338947275067
tunning_9,256,512,15,2,128,False,1.0,0.5,50,3e-05,bc,12,111.8632480347354,0.0001907833555288155,111.86305704696403
tunning_9,256,512,15,2,128,False,1.0,0.5,50,3e-05,bc,13,111.32042344235583,0.00019698594353523218,111.32022667984936
tunning_9,256,512,15,2,128,False,1.0,0.5,50,3e-05,bc,14,110.84532966403013,0.0001972393164583559,110.8451324378588
tunning_9,256,512,15,2,128,False,1.0,0.5,50,3e-05,bc,15,110.55229583234419,0.0002281661178351982,110.55206775138392
tunning_9,256,512,15,2,128,False,1.0,0.5,50,3e-05,bc,16,110.24302635403627,0.000227248992784417,110.24279924255708
tunning_9,256,512,15,2,128,False,1.0,0.5,50,3e-05,bc,17,109.54293195187057,0.00019474937542739135,109.54273712832625
tunning_9,256,512,15,2,128,False,1.0,0.5,50,3e-05,bc,18,108.95266011274981,0.00019652956094302093,108.95246356100009
tunning_9,256,512,15,2,128,False,1.0,0.5,50,3e-05,bc,19,108.492867443443,0.00020116066519307353,108.49266650795278
tunning_9,256,512,15,2,128,False,1.0,0.5,50,3e-05,bc,20,108.0465256496029,0.00023038078611459356,108.04629529246968
tunning_9,256,512,15,2,128,False,1.0,0.5,50,3e-05,bc,21,107.54698358188018,0.000216752357455485,107.54676675533062
tunning_9,256,512,15,2,128,False,1.0,0.5,50,3e-05,bc,22,107.47240317328858,0.00024435708711074294,107.47215903266358
tunning_9,256,512,15,2,128,False,1.0,0.5,50,3e-05,bc,23,106.56536936891672,0.0002632316033734081,106.56510626018377
tunning_9,256,512,15,2,128,False,1.0,0.5,50,3e-05,bc,24,105.90213893658549,0.00025569109447288855,105.90188337294437
tunning_9,256,512,15,2,128,False,1.0,0.5,50,3e-05,bc,25,105.07983486955337,0.0002311919946081998,105.07960379584718
tunning_9,256,512,15,2,128,False,1.0,0.5,50,3e-05,bc,26,104.39728681026901,0.00029284522942819207,104.39699377407685
tunning_9,256,512,15,2,128,False,1.0,0.5,50,3e-05,bc,27,103.53107671579603,0.00018855273794834323,103.53088834140841
tunning_9,256,512,15,2,128,False,1.0,0.5,50,3e-05,bc,28,102.72449539774689,0.0003339412825317791,102.72416147474426
tunning_9,256,512,15,2,128,False,1.0,0.5,50,3e-05,bc,29,101.6480167452143,0.00028775019078510324,101.64772897794101
tunning_9,256,512,15,2,128,False,1.0,0.5,50,3e-05,bc,30,100.43972740384096,0.00022167357877739423,100.43950589849145
tunning_9,256,512,15,2,128,False,1.0,0.5,50,3e-05,bc,31,99.19720319884917,0.00021400907063549282,99.19698953365094
tunning_9,256,512,15,2,128,False,1.0,0.5,50,3e-05,bc,32,98.24380741857033,0.0002706162775422894,98.2435366382915
tunning_9,256,512,15,2,128,False,1.0,0.5,50,3e-05,bc,33,97.30076961622713,0.00026064901395626264,97.30050920518063
tunning_9,256,512,15,2,128,False,1.0,0.5,50,3e-05,bc,34,96.30177066866206,0.0002978263833355519,96.30147265861048
tunning_9,256,512,15,2,128,False,1.0,0.5,50,3e-05,bc,35,94.93931752410383,0.0003305351057248087,94.93898709966332
tunning_9,256,512,15,2,128,False,1.0,0.5,50,3e-05,bc,36,93.5742544521943,0.00033153786517882937,93.57392310042408
tunning_9,256,512,15,2,128,False,1.0,0.5,50,3e-05,bc,37,92.47097129189507,0.0003988057942076931,92.47057224505514
tunning_9,256,512,15,2,128,False,1.0,0.5,50,3e-05,bc,38,91.69798662385888,0.0005324730259341893,91.69745399938762
tunning_9,256,512,15,2,128,False,1.0,0.5,50,3e-05,bc,39,90.25994717086876,0.00044077172140894426,90.25950630988864
tunning_9,256,512,15,2,128,False,1.0,0.5,50,3e-05,bc,40,88.81595552560374,0.0005332507953325605,88.81542226886222
tunning_9,256,512,15,2,128,False,1.0,0.5,50,3e-05,bc,41,87.34650147158797,0.0004019912103807183,87.34609934769941
tunning_9,256,512,15,2,128,False,1.0,0.5,50,3e-05,bc,42,86.02642615724005,0.0005803448082949935,86.02584564883406
tunning_9,256,512,15,2,128,False,1.0,0.5,50,3e-05,bc,43,84.41531224540584,0.0006454974760716904,84.41466699252472
tunning_9,256,512,15,2,128,False,1.0,0.5,50,3e-05,bc,44,83.08957107291037,0.0004136529300896996,83.089157441703
tunning_9,256,512,15,2,128,False,1.0,0.5,50,3e-05,bc,45,82.50038372482383,0.000537155941273446,82.4998467798391
tunning_9,256,512,15,2,128,False,1.0,0.5,50,3e-05,bc,46,81.15758655611323,0.0004391000359782239,81.1571476762466
tunning_9,256,512,15,2,128,False,1.0,0.5,50,3e-05,bc,47,79.60819583703142,0.0012564802218649218,79.60693936848509
tunning_9,256,512,15,2,128,False,1.0,0.5,50,3e-05,bc,48,78.77845894829345,0.0006945544659405771,78.77776439940732
tunning_9,256,512,15,2,128,False,1.0,0.5,50,3e-05,bc,49,78.29305180923714,0.0005391869973455613,78.29251271453352
tunning_10,256,512,30,2,128,False,1.0,0.5,50,3e-05,gumbel,0,147.5886086732643,0.10462890395584153,147.48398012614382
tunning_10,256,512,30,2,128,False,1.0,0.5,50,3e-05,gumbel,1,121.1935527653984,0.0006864366920096336,121.19286649925274
tunning_10,256,512,30,2,128,False,1.0,0.5,50,3e-05,gumbel,2,118.75208661832862,0.00035934425603909655,118.75172753096945
tunning_10,256,512,30,2,128,False,1.0,0.5,50,3e-05,gumbel,3,117.67603310432223,0.00043460602990418506,117.675598355288
tunning_10,256,512,30,2,128,False,1.0,0.5,50,3e-05,gumbel,4,116.53213441964671,0.0004141825836252174,116.53172011401772
tunning_10,256,512,30,2,128,False,1.0,0.5,50,3e-05,gumbel,5,115.88212914229757,0.00041583293755615943,115.88171331921994
tunning_10,256,512,30,2,128,False,1.0,0.5,50,3e-05,gumbel,6,115.42593750505816,0.00034392319824829576,115.425593550034
tunning_10,256,512,30,2,128,False,1.0,0.5,50,3e-05,gumbel,7,114.97302144930508,0.0004059850252413536,114.97261553179493
tunning_10,256,512,30,2,128,False,1.0,0.5,50,3e-05,gumbel,8,115.95014734426256,0.0013374896337038924,115.94880971328988
tunning_10,256,512,30,2,128,False,1.0,0.5,50,3e-05,gumbel,9,114.20918657503076,0.0005450437970341116,114.20864176881906
tunning_10,256,512,30,2,128,False,1.0,0.5,50,3e-05,gumbel,10,113.82436615327445,0.0005232411219985404,113.82384305500852
tunning_10,256,512,30,2,128,False,1.0,0.5,50,3e-05,gumbel,11,112.71683742459966,0.00045745102437830514,112.7163798295332
tunning_10,256,512,30,2,128,False,1.0,0.5,50,3e-05,gumbel,12,111.97632101491011,0.0005233252367316051,111.97579762158473
tunning_10,256,512,30,2,128,False,1.0,0.5,50,3e-05,gumbel,13,111.46379198948982,0.0005431177664756548,111.46324895363486
tunning_10,256,512,30,2,128,False,1.0,0.5,50,3e-05,gumbel,14,111.14521191001597,0.0010710373890357226,111.14414101279243
tunning_10,256,512,30,2,128,False,1.0,0.5,50,3e-05,gumbel,15,110.68986367915875,0.0010918796445803913,110.68877187486511
tunning_10,256,512,30,2,128,False,1.0,0.5,50,3e-05,gumbel,16,110.10926536433604,0.001824879588865423,110.10744050589715
tunning_10,256,512,30,2,128,False,1.0,0.5,50,3e-05,gumbel,17,109.57758626358284,0.0016525965219348134,109.5759337620182
tunning_10,256,512,30,2,128,False,1.0,0.5,50,3e-05,gumbel,18,109.11796995552864,0.0025391188728010787,109.11543080029567
tunning_10,256,512,30,2,128,False,1.0,0.5,50,3e-05,gumbel,19,108.74936132272963,0.0037794944930574677,108.7455818218421
tunning_10,256,512,30,2,128,False,1.0,0.5,50,3e-05,gumbel,20,108.10031772845358,0.00475432335023475,108.09556351972549
tunning_10,256,512,30,2,128,False,1.0,0.5,50,3e-05,gumbel,21,107.66895800005665,0.00622314310282757,107.66273477459481
tunning_10,256,512,30,2,128,False,1.0,0.5,50,3e-05,gumbel,22,108.31165811106645,0.07134604714913757,108.24031210209125
tunning_10,256,512,30,2,128,False,1.0,0.5,50,3e-05,gumbel,23,107.22788478788091,0.02296908486387512,107.20491592660134
tunning_10,256,512,30,2,128,False,1.0,0.5,50,3e-05,gumbel,24,106.26090286845002,0.01744957844783341,106.24345326291922
tunning_10,256,512,30,2,128,False,1.0,0.5,50,3e-05,gumbel,25,105.95890614209254,0.024505403453679703,105.93440086406898
tunning_10,256,512,30,2,128,False,1.0,0.5,50,3e-05,gumbel,26,105.1660912445237,0.04048568378228344,105.12560584136794
tunning_10,256,512,30,2,128,False,1.0,0.5,50,3e-05,gumbel,27,104.35042711120943,0.05295591369188952,104.29747102010316
tunning_10,256,512,30,2,128,False,1.0,0.5,50,3e-05,gumbel,28,103.48344278072125,0.06763561791354451,103.41580706011524
tunning_10,256,512,30,2,128,False,1.0,0.5,50,3e-05,gumbel,29,102.90621476147057,0.1691201589795766,102.73709494237741
tunning_10,256,512,30,2,128,False,1.0,0.5,50,3e-05,gumbel,30,101.91705305405084,0.16895933198171426,101.74809353654555
tunning_10,256,512,30,2,128,False,1.0,0.5,50,3e-05,gumbel,31,101.44058982048246,0.27010787768258576,101.17048206645481
tunning_10,256,512,30,2,128,False,1.0,0.5,50,3e-05,gumbel,32,100.96816793199402,0.3864035239206493,100.5817642211914
tunning_10,256,512,30,2,128,False,1.0,0.5,50,3e-05,gumbel,33,99.55044349122443,0.31416228397116475,99.23628142130309
tunning_10,256,512,30,2,128,False,1.0,0.5,50,3e-05,gumbel,34,98.37517804730663,0.4423378646703056,97.93284037890355
tunning_10,256,512,30,2,128,False,1.0,0.5,50,3e-05,gumbel,35,97.06843368783181,0.4915135008854102,96.57692027223703
tunning_10,256,512,30,2,128,False,1.0,0.5,50,3e-05,gumbel,36,95.91744721133406,0.5157535996555623,95.40169369186485
tunning_10,256,512,30,2,128,False,1.0,0.5,50,3e-05,gumbel,37,94.78304581615807,0.529588030846738,94.25345767532265
tunning_10,256,512,30,2,128,False,1.0,0.5,50,3e-05,gumbel,38,93.74624355590146,0.5524824992727838,93.19376107737504
tunning_10,256,512,30,2,128,False,1.0,0.5,50,3e-05,gumbel,39,93.11680771632747,0.5878916728562413,92.52891633260316
tunning_10,256,512,30,2,128,False,1.0,0.5,50,3e-05,gumbel,40,92.99800569313007,0.5816458545995681,92.41635991723498
tunning_10,256,512,30,2,128,False,1.0,0.5,50,3e-05,gumbel,41,90.06982227978786,0.578353905216765,89.49146839795192
tunning_10,256,512,30,2,128,False,1.0,0.5,50,3e-05,gumbel,42,88.03478704631658,0.5576382420998252,87.47714882529243
tunning_10,256,512,30,2,128,False,1.0,0.5,50,3e-05,gumbel,43,86.93409779585528,0.5277340137168188,86.40636393510175
tunning_10,256,512,30,2,128,False,1.0,0.5,50,3e-05,gumbel,44,85.38869455242684,0.5060009783473463,84.88269371749288
tunning_10,256,512,30,2,128,False,1.0,0.5,50,3e-05,gumbel,45,83.80832570955899,0.4864560566554412,83.32186948660329
tunning_10,256,512,30,2,128,False,1.0,0.5,50,3e-05,gumbel,46,83.20543055244572,0.48056207523161537,82.7248682264465
tunning_10,256,512,30,2,128,False,1.0,0.5,50,3e-05,gumbel,47,82.82038120670214,0.4789142852330076,82.34146687207301
tunning_10,256,512,30,2,128,False,1.0,0.5,50,3e-05,gumbel,48,82.25358077834325,0.4664181926961762,81.78716275968604
tunning_10,256,512,30,2,128,False,1.0,0.5,50,3e-05,gumbel,49,83.87663374421346,0.4345165420303029,83.44211730114004
tunning_11,256,512,30,2,128,False,1.0,0.5,50,3e-05,bc,0,147.76971410256064,0.028362490884440008,147.7413519337691
tunning_11,256,512,30,2,128,False,1.0,0.5,50,3e-05,bc,1,121.1186902799659,0.0015369380572785043,121.1171534417084
tunning_11,256,512,30,2,128,False,1.0,0.5,50,3e-05,bc,2,118.81939001768333,0.0005764949882534224,118.8188136822611
tunning_11,256,512,30,2,128,False,1.0,0.5,50,3e-05,bc,3,117.76669943793702,0.0005323789270597289,117.76616681346577
tunning_11,256,512,30,2,128,False,1.0,0.5,50,3e-05,bc,4,117.25450416691396,0.00039972973373546185,117.2541044456524
tunning_11,256,512,30,2,128,False,1.0,0.5,50,3e-05,bc,5,116.3543789689712,0.00039436718365704916,116.35398439017449
tunning_11,256,512,30,2,128,False,1.0,0.5,50,3e-05,bc,6,115.55451923180681,0.0003039353934421528,115.55421540486878
tunning_11,256,512,30,2,128,False,1.0,0.5,50,3e-05,bc,7,114.936321448226,0.0003224880668850492,114.93599903254218
tunning_11,256,512,30,2,128,False,1.0,0.5,50,3e-05,bc,8,114.2824031766607,0.0003572787443280107,114.28204590180961
tunning_11,256,512,30,2,128,False,1.0,0.5,50,3e-05,bc,9,113.71743336040012,0.0003481204350554842,113.7170854009976
tunning_11,256,512,30,2,128,False,1.0,0.5,50,3e-05,bc,10,113.14892755160675,0.0003003064149544312,113.14862739183626
tunning_11,256,512,30,2,128,False,1.0,0.5,50,3e-05,bc,11,112.57521769486738,0.00028614941217424604,112.57493157149679
tunning_11,256,512,30,2,128,False,1.0,0.5,50,3e-05,bc,12,111.97269612517805,0.00033795926518910644,111.97235819779706
tunning_11,256,512,30,2,128,False,1.0,0.5,50,3e-05,bc,13,111.50900378148201,0.00029584598360590905,111.50870808975472
tunning_11,256,512,30,2,128,False,1.0,0.5,50,3e-05,bc,14,110.95423303256378,0.0002842988191463197,110.95394884815532
tunning_11,256,512,30,2,128,False,1.0,0.5,50,3e-05,bc,15,110.53810705532685,0.0003153380021505644,110.53779167891867
tunning_11,256,512,30,2,128,False,1.0,0.5,50,3e-05,bc,16,110.06810865876425,0.00030316964866920217,110.0678054640965
tunning_11,256,512,30,2,128,False,1.0,0.5,50,3e-05,bc,17,109.97016948889632,0.0003838083369609802,109.96978570084545
tunning_11,256,512,30,2,128,False,1.0,0.5,50,3e-05,bc,18,109.35475011161678,0.000294721037267131,109.35445530506787
tunning_11,256,512,30,2,128,False,1.0,0.5,50,3e-05,bc,19,109.11837330180637,0.0004901477969920479,109.11788341880504
tunning_11,256,512,30,2,128,False,1.0,0.5,50,3e-05,bc,20,108.3724175974809,0.0002353123298496296,108.37218218218555
tunning_11,256,512,30,2,128,False,1.0,0.5,50,3e-05,bc,21,109.62320907339866,0.003199276730700561,109.62000965940359
tunning_11,256,512,30,2,128,False,1.0,0.5,50,3e-05,bc,22,108.27776585362892,0.0014669861532271794,108.27629890231138
tunning_11,256,512,30,2,128,False,1.0,0.5,50,3e-05,bc,23,107.36184060112548,0.0001772956705416774,107.36166293318101
tunning_11,256,512,30,2,128,False,1.0,0.5,50,3e-05,bc,24,106.62043412350818,0.00018754291767994127,106.62024663429892
tunning_11,256,512,30,2,128,False,1.0,0.5,50,3e-05,bc,25,105.9750008767481,0.0001985786931871601,105.97480230173353
tunning_11,256,512,30,2,128,False,1.0,0.5,50,3e-05,bc,26,105.48268548954917,0.00023579596628972653,105.48244927337815
tunning_11,256,512,30,2,128,False,1.0,0.5,50,3e-05,bc,27,104.71892218826883,0.0002247816288087373,104.7186974372653
tunning_11,256,512,30,2,128,False,1.0,0.5,50,3e-05,bc,28,103.90119297596631,0.00024147307402480045,103.90095161733048
tunning_11,256,512,30,2,128,False,1.0,0.5,50,3e-05,bc,29,103.03028734744584,0.0002627337606461688,103.03002461807503
tunning_11,256,512,30,2,128,False,1.0,0.5,50,3e-05,bc,30,102.07917043780753,0.0002641241647912838,102.0789061909881
tunning_11,256,512,30,2,128,False,1.0,0.5,50,3e-05,bc,31,101.41624201990624,0.0002901031477640522,101.41595180785458
tunning_11,256,512,30,2,128,False,1.0,0.5,50,3e-05,bc,32,101.12179316736717,0.00033895933679986784,101.12145397544566
tunning_11,256,512,30,2,128,False,1.0,0.5,50,3e-05,bc,33,100.30810947312834,0.00028619218700647725,100.30782326545504
tunning_11,256,512,30,2,128,False,1.0,0.5,50,3e-05,bc,34,99.21337380593653,0.0002801430331078713,99.21309354160373
tunning_11,256,512,30,2,128,False,1.0,0.5,50,3e-05,bc,35,97.8589202712254,0.00024072980347896014,97.85867996637334
tunning_11,256,512,30,2,128,False,1.0,0.5,50,3e-05,bc,36,96.61068034303781,0.00023359201609887676,96.6104465294938
tunning_11,256,512,30,2,128,False,1.0,0.5,50,3e-05,bc,37,95.30929384178879,0.00025534192802035893,95.30903874181251
tunning_11,256,512,30,2,128,False,1.0,0.5,50,3e-05,bc,38,95.02324280290972,0.00026069483874128997,95.02298234971188
tunning_11,256,512,30,2,128,False,1.0,0.5,50,3e-05,bc,39,94.87719806650067,0.0002615255728902331,94.8769363487623
tunning_11,256,512,30,2,128,False,1.0,0.5,50,3e-05,bc,40,92.68467480569913,0.0002878688631813397,92.68438665906369
tunning_11,256,512,30,2,128,False,1.0,0.5,50,3e-05,bc,41,90.70898694623241,0.0002574768440459613,90.70872910641833
tunning_11,256,512,30,2,128,False,1.0,0.5,50,3e-05,bc,42,90.4326297486026,0.10337873920050607,90.32925111549335
tunning_11,256,512,30,2,128,False,1.0,0.5,50,3e-05,bc,43,88.82479276709793,0.0005236810512386664,88.82426895225905
tunning_11,256,512,30,2,128,False,1.0,0.5,50,3e-05,bc,44,87.212720459996,0.00036550739388372647,87.21235526069093
tunning_11,256,512,30,2,128,False,1.0,0.5,50,3e-05,bc,45,85.62192564906336,0.00040690237074159086,85.62151893067755
tunning_11,256,512,30,2,128,False,1.0,0.5,50,3e-05,bc,46,84.49444702317042,0.000587985101567571,84.49385913827801
tunning_11,256,512,30,2,128,False,1.0,0.5,50,3e-05,bc,47,82.74392198594235,0.0005364033554517278,82.74338518848735
tunning_11,256,512,30,2,128,False,1.0,0.5,50,3e-05,bc,48,81.60993538113588,0.0005040382431757003,81.60943139850764
tunning_11,256,512,30,2,128,False,1.0,0.5,50,3e-05,bc,49,81.96658531736932,0.0008637754006043735,81.9657213832792
tunning_12,256,1024,15,2,128,False,1.0,0.5,50,3e-05,gumbel,0,145.58624187490557,0.0075120865482723115,145.5787293239193
tunning_12,256,1024,15,2,128,False,1.0,0.5,50,3e-05,gumbel,1,119.99910967916415,0.00032207968121250445,119.99878738993439
tunning_12,256,1024,15,2,128,False,1.0,0.5,50,3e-05,gumbel,2,118.20036556180669,0.00027307144267155236,118.20009254750626
tunning_12,256,1024,15,2,128,False,1.0,0.5,50,3e-05,gumbel,3,117.32219535869788,0.00031492009301327726,117.32188027734915
tunning_12,256,1024,15,2,128,False,1.0,0.5,50,3e-05,gumbel,4,116.18059421771139,0.00030105629789859095,116.18029300415714
tunning_12,256,1024,15,2,128,False,1.0,0.5,50,3e-05,gumbel,5,115.48316344371817,0.0002533607928562158,115.48291015625
tunning_12,256,1024,15,2,128,False,1.0,0.5,50,3e-05,gumbel,6,114.78252056817324,0.0002166160911505589,114.78230412098584
tunning_12,256,1024,15,2,128,False,1.0,0.5,50,3e-05,gumbel,7,114.01553724088721,0.0001744749865064382,114.01536269214272
tunning_12,256,1024,15,2,128,False,1.0,0.5,50,3e-05,gumbel,8,113.39298096546152,0.00019405890570198397,113.39278668988476
tunning_12,256,1024,15,2,128,False,1.0,0.5,50,3e-05,gumbel,9,112.62374789411851,0.0002940288920615393,112.62345380414257
tunning_12,256,1024,15,2,128,False,1.0,0.5,50,3e-05,gumbel,10,111.99517539851573,0.000320642561319243,111.99485496394541
tunning_12,256,1024,15,2,128,False,1.0,0.5,50,3e-05,gumbel,11,111.74210812900607,0.0004410722433815798,111.74166726802594
tunning_12,256,1024,15,2,128,False,1.0,0.5,50,3e-05,gumbel,12,114.17564029588225,0.28663399428808073,113.8890060930621
tunning_12,256,1024,15,2,128,False,1.0,0.5,50,3e-05,gumbel,13,112.22838735843891,0.6931463638063293,111.53524160648578
tunning_12,256,1024,15,2,128,False,1.0,0.5,50,3e-05,gumbel,14,111.00784681119971,0.6931459913596264,110.31470105924659
tunning_12,256,1024,15,2,128,False,1.0,0.5,50,3e-05,gumbel,15,110.34054084904287,0.6931456515143589,109.64739509708974
tunning_12,256,1024,15,2,128,False,1.0,0.5,50,3e-05,gumbel,16,109.85297908045311,0.6931449033278787,109.15983332849999
tunning_12,256,1024,15,2,128,False,1.0,0.5,50,3e-05,gumbel,17,109.20076734848443,0.6931432324219804,108.50762222880158
tunning_12,256,1024,15,2,128,False,1.0,0.5,50,3e-05,gumbel,18,108.59467096486803,0.6923945091705954,107.90227702441136
tunning_12,256,1024,15,2,128,False,1.0,0.5,50,3e-05,gumbel,19,108.01840075076615,0.6931470625966952,107.32525499881302
tunning_12,256,1024,15,2,128,False,1.0,0.5,50,3e-05,gumbel,20,107.48323012715545,0.6931470622673878,106.79008437520233
tunning_12,256,1024,15,2,128,False,1.0,0.5,50,3e-05,gumbel,21,107.05518631908775,0.6931470514002426,106.36204056713463
tunning_12,256,1024,15,2,128,False,1.0,0.5,50,3e-05,gumbel,22,106.71644862053803,0.6931470052972024,106.0233028685849
tunning_12,256,1024,15,2,128,False,1.0,0.5,50,3e-05,gumbel,23,105.49880800194504,0.6931469470097874,104.80566224999191
tunning_12,256,1024,15,2,128,False,1.0,0.5,50,3e-05,gumbel,24,104.3390857844063,0.6931469433874057,103.64594003245317
tunning_12,256,1024,15,2,128,False,1.0,0.5,50,3e-05,gumbel,25,103.61236036943467,0.6931468600726259,102.91921461748154
tunning_12,256,1024,15,2,128,False,1.0,0.5,50,3e-05,gumbel,26,103.01877016520632,0.6931463654528666,102.3256244132532
tunning_12,256,1024,15,2,128,False,1.0,0.5,50,3e-05,gumbel,27,102.49681154535621,0.6929459617941419,101.80386491638521
tunning_12,256,1024,15,2,128,False,1.0,0.5,50,3e-05,gumbel,28,101.24208380767654,0.6931399350666868,100.54894294528013
tunning_12,256,1024,15,2,128,False,1.0,0.5,50,3e-05,gumbel,29,99.03796437300372,0.692692152703006,98.34527115795494
tunning_12,256,1024,15,2,128,False,1.0,0.5,50,3e-05,gumbel,30,97.00376824647682,0.6931417097044255,96.31062649890204
tunning_12,256,1024,15,2,128,False,1.0,0.5,50,3e-05,gumbel,31,94.8018734336558,0.6931438890609952,94.10872873548645
tunning_12,256,1024,15,2,128,False,1.0,0.5,50,3e-05,gumbel,32,92.61309043083402,0.6931295305984455,91.91996149726994
tunning_12,256,1024,15,2,128,False,1.0,0.5,50,3e-05,gumbel,33,90.70568843441114,0.6931461118861456,90.01254268245802
tunning_12,256,1024,15,2,128,False,1.0,0.5,50,3e-05,gumbel,34,88.07396828667235,0.6929937792087787,87.38097470109633
tunning_12,256,1024,15,2,128,False,1.0,0.5,50,3e-05,gumbel,35,85.09451256009096,0.6931471821352921,84.40136680813784
tunning_12,256,1024,15,2,128,False,1.0,0.5,50,3e-05,gumbel,36,82.7323291420278,0.6931471821352921,82.03918339007467
tunning_12,256,1024,15,2,128,False,1.0,0.5,50,3e-05,gumbel,37,80.44590809858965,0.6931471821352921,79.75276234663653
tunning_12,256,1024,15,2,128,False,1.0,0.5,50,3e-05,gumbel,38,78.28889459009329,0.6931471818059848,77.59574883814017
tunning_12,256,1024,15,2,128,False,1.0,0.5,50,3e-05,gumbel,39,77.10041697380952,0.6931471814766773,76.40727122185639
tunning_12,256,1024,15,2,128,False,1.0,0.5,50,3e-05,gumbel,40,74.82645317204091,0.6931471413011709,74.13330742008779
tunning_12,256,1024,15,2,128,False,1.0,0.5,50,3e-05,gumbel,41,72.85448034297036,0.6931470629260026,72.16133456994157
tunning_12,256,1024,15,2,128,False,1.0,0.5,50,3e-05,gumbel,42,71.30334268222198,0.6931470441554791,70.61019690919318
tunning_12,256,1024,15,2,128,False,1.0,0.5,50,3e-05,gumbel,43,69.74697747414942,0.6931469094687404,69.05383168004494
tunning_12,256,1024,15,2,128,False,1.0,0.5,50,3e-05,gumbel,44,68.32089973154648,0.6923237795329226,67.6285766053595
tunning_12,256,1024,15,2,128,False,1.0,0.5,50,3e-05,gumbel,45,66.99847683985588,0.6931471824645996,66.30533094037304
tunning_12,256,1024,15,2,128,False,1.0,0.5,50,3e-05,gumbel,46,65.96694899922576,0.6931471824645996,65.27380314189426
tunning_12,256,1024,15,2,128,False,1.0,0.5,50,3e-05,gumbel,47,65.27184297761865,0.6931471824645996,64.57869714136282
tunning_12,256,1024,15,2,128,False,1.0,0.5,50,3e-05,gumbel,48,63.75895553926078,0.6931471824645996,63.06580968192928
tunning_12,256,1024,15,2,128,False,1.0,0.5,50,3e-05,gumbel,49,63.36704660910928,0.6931471824645996,62.67390077285345
tunning_13,256,1024,15,2,128,False,1.0,0.5,50,3e-05,bc,0,148.07891226078266,0.05560100641106744,148.0233112988551
tunning_13,256,1024,15,2,128,False,1.0,0.5,50,3e-05,bc,1,120.64376890066579,0.0013529090673883976,120.64241558939054
tunning_13,256,1024,15,2,128,False,1.0,0.5,50,3e-05,bc,2,118.46025043297868,0.0005811184030624354,118.45966925015107
tunning_13,256,1024,15,2,128,False,1.0,0.5,50,3e-05,bc,3,117.3314986676801,0.00033804992136985415,117.33116074029913
tunning_13,256,1024,15,2,128,False,1.0,0.5,50,3e-05,bc,4,116.1027091432013,0.00029851839355404043,116.10241075378755
tunning_13,256,1024,15,2,128,False,1.0,0.5,50,3e-05,bc,5,115.3941293368682,0.0001899343813581068,115.39393936072923
tunning_13,256,1024,15,2,128,False,1.0,0.5,50,3e-05,bc,6,114.62083822851022,0.0002119215063008516,114.62062624936604
tunning_13,256,1024,15,2,128,False,1.0,0.5,50,3e-05,bc,7,113.94470956707528,0.0002244034648110102,113.9444851111312
tunning_13,256,1024,15,2,128,False,1.0,0.5,50,3e-05,bc,8,113.31861270461953,0.00022493391966663343,113.31838786931328
tunning_13,256,1024,15,2,128,False,1.0,0.5,50,3e-05,bc,9,112.73666997245662,0.0002794785557963721,112.73639029824272
tunning_13,256,1024,15,2,128,False,1.0,0.5,50,3e-05,bc,10,112.16896769486738,0.00038166477319846205,112.16858601438406
tunning_13,256,1024,15,2,128,False,1.0,0.5,50,3e-05,bc,11,111.5770663688196,0.0003017396499687106,111.57676464944913
tunning_13,256,1024,15,2,128,False,1.0,0.5,50,3e-05,bc,12,115.05972589313654,0.0032913611920982037,115.0564345048936
tunning_13,256,1024,15,2,128,False,1.0,0.5,50,3e-05,bc,13,111.08418956777668,0.0001239175379655108,111.08406589571284
tunning_13,256,1024,15,2,128,False,1.0,0.5,50,3e-05,bc,14,110.2552236483242,0.00013748542277833178,110.25508644567668
tunning_13,256,1024,15,2,128,False,1.0,0.5,50,3e-05,bc,15,109.70529297043605,0.00017021989711310756,109.70512318479422
tunning_13,256,1024,15,2,128,False,1.0,0.5,50,3e-05,bc,16,109.04068861481893,0.00015205113426750033,109.04053649059317
tunning_13,256,1024,15,2,128,False,1.0,0.5,50,3e-05,bc,17,108.4263537496493,0.00017274681427927678,108.42618105556424
tunning_13,256,1024,15,2,128,False,1.0,0.5,50,3e-05,bc,18,107.67837301011902,0.00019413013214139956,107.6781786923909
tunning_13,256,1024,15,2,128,False,1.0,0.5,50,3e-05,bc,19,106.94552262448474,0.00020618612694879479,106.94531633577294
tunning_13,256,1024,15,2,128,False,1.0,0.5,50,3e-05,bc,20,106.17007661260952,0.0002381242900116894,106.16983854177907
tunning_13,256,1024,15,2,128,False,1.0,0.5,50,3e-05,bc,21,105.41199118261179,0.00026857442451185595,105.41172267850591
tunning_13,256,1024,15,2,128,False,1.0,0.5,50,3e-05,bc,22,104.43363059028077,0.0002826402681858474,104.43334779686691
tunning_13,256,1024,15,2,128,False,1.0,0.5,50,3e-05,bc,23,103.44317677534747,0.00043866190771850146,103.44273810623758
tunning_13,256,1024,15,2,128,False,1.0,0.5,50,3e-05,bc,24,102.33426910737602,0.0003254436377277701,102.33394365679493
tunning_13,256,1024,15,2,128,False,1.0,0.5,50,3e-05,bc,25,100.40832995841517,0.0003236292337854676,100.40800606743407
tunning_13,256,1024,15,2,128,False,1.0,0.5,50,3e-05,bc,26,98.4129765968955,0.00036488363351441344,98.41261143974178
tunning_13,256,1024,15,2,128,False,1.0,0.5,50,3e-05,bc,27,96.40932725937985,0.00038525834518808935,96.40894174312359
tunning_13,256,1024,15,2,128,False,1.0,0.5,50,3e-05,bc,28,94.46485310759992,0.000382736000860784,94.46447024687878
tunning_13,256,1024,15,2,128,False,1.0,0.5,50,3e-05,bc,29,92.4382328433885,0.000391579707936533,92.43784104658096
tunning_13,256,1024,15,2,128,False,1.0,0.5,50,3e-05,bc,30,90.0475965889778,0.0004372780604573553,90.04715939516521
tunning_13,256,1024,15,2,128,False,1.0,0.5,50,3e-05,bc,31,88.04507336695549,0.00044852534692685597,88.04462468689977
tunning_13,256,1024,15,2,128,False,1.0,0.5,50,3e-05,bc,32,86.21784155408322,0.0004332293510290367,86.21740847002735
tunning_13,256,1024,15,2,128,False,1.0,0.5,50,3e-05,bc,33,84.10314439805173,0.0005136490014004805,84.1026306784614
tunning_13,256,1024,15,2,128,False,1.0,0.5,50,3e-05,bc,34,81.62003353814394,0.0005342521831278756,81.61949948052676
tunning_13,256,1024,15,2,128,False,1.0,0.5,50,3e-05,bc,35,80.0186074188401,0.0005780514777484942,80.01802935521248
tunning_13,256,1024,15,2,128,False,1.0,0.5,50,3e-05,bc,36,77.03361637684522,0.000495170584773048,77.03312116169798
tunning_13,256,1024,15,2,128,False,1.0,0.5,50,3e-05,bc,37,75.87664710619173,0.0006328057270215371,75.87601414042942
tunning_13,256,1024,15,2,128,False,1.0,0.5,50,3e-05,bc,38,74.21447511535982,0.0006001757510753802,74.21387485904589
tunning_13,256,1024,15,2,128,False,1.0,0.5,50,3e-05,bc,39,72.07714247308384,0.0009858862439669587,72.07615659513526
tunning_13,256,1024,15,2,128,False,1.0,0.5,50,3e-05,bc,40,173.7563894703902,99.6227917238354,74.13359729492862
tunning_13,256,1024,15,2,128,False,1.0,0.5,50,3e-05,bc,41,71.79334844936982,0.12332788048034214,71.67002069884242
tunning_13,256,1024,15,2,128,False,1.0,0.5,50,3e-05,bc,42,67.79382663537126,0.08428238069854718,67.70954420816832
tunning_13,256,1024,15,2,128,False,1.0,0.5,50,3e-05,bc,43,65.77123517621288,0.10512346862841047,65.66611162470191
tunning_13,256,1024,15,2,128,False,1.0,0.5,50,3e-05,bc,44,64.82860042508794,0.48612331055639857,64.34247721888084
tunning_13,256,1024,15,2,128,False,1.0,0.5,50,3e-05,bc,45,63.193022943991984,0.16946952433958237,63.0235533740639
tunning_13,256,1024,15,2,128,False,1.0,0.5,50,3e-05,bc,46,62.16164575229033,1.1374161648075225,61.02422952388532
tunning_13,256,1024,15,2,128,False,1.0,0.5,50,3e-05,bc,47,60.461818062798095,0.24850353441144551,60.21331462543972
tunning_13,256,1024,15,2,128,False,1.0,0.5,50,3e-05,bc,48,62.397365717598085,0.680964999353688,61.71640067337626
tunning_13,256,1024,15,2,128,False,1.0,0.5,50,3e-05,bc,49,61.44358071174411,0.8581531520377207,60.58542746865288
tunning_14,256,1024,30,2,128,False,1.0,0.5,50,3e-05,gumbel,0,144.3200517517427,0.006177090354732017,144.3138743447994
tunning_14,256,1024,30,2,128,False,1.0,0.5,50,3e-05,gumbel,1,120.24125726183475,0.0003519742772142655,120.24090529805389
tunning_14,256,1024,30,2,128,False,1.0,0.5,50,3e-05,gumbel,2,118.24686566769088,0.00034763853294641106,118.24651775043972
tunning_14,256,1024,30,2,128,False,1.0,0.5,50,3e-05,gumbel,3,117.36255257959525,0.00034140254781216134,117.36221111150078
tunning_14,256,1024,30,2,128,False,1.0,0.5,50,3e-05,gumbel,4,116.48158968087718,0.0003069062966169038,116.48128286119324
tunning_14,256,1024,30,2,128,False,1.0,0.5,50,3e-05,gumbel,5,115.6442237980458,0.00033611831951819526,115.6438873459621
tunning_14,256,1024,30,2,128,False,1.0,0.5,50,3e-05,gumbel,6,115.05230202859278,0.00034367828766586393,115.05195836862806
tunning_14,256,1024,30,2,128,False,1.0,0.5,50,3e-05,gumbel,7,114.2754198780376,0.0003266997382273764,114.27509333152139
tunning_14,256,1024,30,2,128,False,1.0,0.5,50,3e-05,gumbel,8,113.54785598839186,0.0004036488823974711,113.54745234705467
tunning_14,256,1024,30,2,128,False,1.0,0.5,50,3e-05,gumbel,9,112.88488196272877,0.00045166240989948363,112.88443043745684
tunning_14,256,1024,30,2,128,False,1.0,0.5,50,3e-05,gumbel,10,112.13965960760801,0.0006834642927211231,112.13897637635964
tunning_14,256,1024,30,2,128,False,1.0,0.5,50,3e-05,gumbel,11,112.86530927795073,0.026363200771439697,112.83894605267773
tunning_14,256,1024,30,2,128,False,1.0,0.5,50,3e-05,gumbel,12,111.24366541066881,0.005127218593740373,111.2385382046357
tunning_14,256,1024,30,2,128,False,1.0,0.5,50,3e-05,gumbel,13,110.65668820544501,0.0033029324589914626,110.65338522558054
tunning_14,256,1024,30,2,128,False,1.0,0.5,50,3e-05,gumbel,14,109.96767526700351,0.0031885204229565615,109.96448698096512
tunning_14,256,1024,30,2,128,False,1.0,0.5,50,3e-05,gumbel,15,109.33802142064216,0.002232740855086286,109.33578879003366
tunning_14,256,1024,30,2,128,False,1.0,0.5,50,3e-05,gumbel,16,108.69634444937522,0.01153077551894384,108.68481394730878
tunning_14,256,1024,30,2,128,False,1.0,0.5,50,3e-05,gumbel,17,108.80755202151136,0.017730197431879806,108.78982215164774
tunning_14,256,1024,30,2,128,False,1.0,0.5,50,3e-05,gumbel,18,109.52021022396193,0.008876585011828423,109.5113334445005
tunning_14,256,1024,30,2,128,False,1.0,0.5,50,3e-05,gumbel,19,107.05735812529674,0.004251620976012509,107.05310648712664
tunning_14,256,1024,30,2,128,False,1.0,0.5,50,3e-05,gumbel,20,105.96029401747562,0.00453178268517702,105.95576236788081
tunning_14,256,1024,30,2,128,False,1.0,0.5,50,3e-05,gumbel,21,105.02535909578945,0.00566310153049494,105.01969623038782
tunning_14,256,1024,30,2,128,False,1.0,0.5,50,3e-05,gumbel,22,104.38025433450773,0.0067736726544941495,104.37348073885586
tunning_14,256,1024,30,2,128,False,1.0,0.5,50,3e-05,gumbel,23,102.79543692235788,0.008386267575522813,102.78705074247075
tunning_14,256,1024,30,2,128,False,1.0,0.5,50,3e-05,gumbel,24,101.4111895060671,0.00923776633404607,101.4019519110411
tunning_14,256,1024,30,2,128,False,1.0,0.5,50,3e-05,gumbel,25,100.64024517417613,0.012946113555573792,100.62729897683496
tunning_14,256,1024,30,2,128,False,1.0,0.5,50,3e-05,gumbel,26,98.17747274156433,0.016127917637729514,98.16134487594688
tunning_14,256,1024,30,2,128,False,1.0,0.5,50,3e-05,gumbel,27,95.86578773793595,0.022949213228955125,95.8428387299427
tunning_14,256,1024,30,2,128,False,1.0,0.5,50,3e-05,gumbel,28,93.58199588501651,0.0304494418399357,93.55154667638283
tunning_14,256,1024,30,2,128,False,1.0,0.5,50,3e-05,gumbel,29,91.61910479635165,0.05854580278678164,91.56055901458909
tunning_14,256,1024,30,2,128,False,1.0,0.5,50,3e-05,gumbel,30,89.68398782298051,0.05732866665811499,89.62665966729433
tunning_14,256,1024,30,2,128,False,1.0,0.5,50,3e-05,gumbel,31,87.20432336290897,0.0829179104808615,87.1214054170893
tunning_14,256,1024,30,2,128,False,1.0,0.5,50,3e-05,gumbel,32,84.50077927310164,0.06730697256672448,84.43347239626047
tunning_14,256,1024,30,2,128,False,1.0,0.5,50,3e-05,gumbel,33,82.54229753188666,0.10768161055462136,82.43461577273206
tunning_14,256,1024,30,2,128,False,1.0,0.5,50,3e-05,gumbel,34,80.39997345307914,0.09295874084886266,80.30701492899689
tunning_14,256,1024,30,2,128,False,1.0,0.5,50,3e-05,gumbel,35,78.22538141914494,0.12203158833374635,78.10334975943381
tunning_14,256,1024,30,2,128,False,1.0,0.5,50,3e-05,gumbel,36,76.10048289852247,0.11127821475432063,75.98920453319234
tunning_14,256,1024,30,2,128,False,1.0,0.5,50,3e-05,gumbel,37,76.96855108777463,0.13974874522228267,76.82880237221059
tunning_14,256,1024,30,2,128,False,1.0,0.5,50,3e-05,gumbel,38,74.75606530542532,0.17168082519130812,74.58438447562371
tunning_14,256,1024,30,2,128,False,1.0,0.5,50,3e-05,gumbel,39,72.3579026743852,0.1480334776129512,72.20986921616021
tunning_14,256,1024,30,2,128,False,1.0,0.5,50,3e-05,gumbel,40,70.90552725186005,0.11301938394979877,70.79250788820383
tunning_14,256,1024,30,2,128,False,1.0,0.5,50,3e-05,gumbel,41,69.53875995867818,0.11524844999059788,69.42351144189993
tunning_14,256,1024,30,2,128,False,1.0,0.5,50,3e-05,gumbel,42,66.5042113836299,0.10366100470087805,66.40055056830137
tunning_14,256,1024,30,2,128,False,1.0,0.5,50,3e-05,gumbel,43,63.937105526581654,0.10986523764485813,63.82724034852086
tunning_14,256,1024,30,2,128,False,1.0,0.5,50,3e-05,gumbel,44,62.43679796924907,0.12754581708111157,62.30925221732967
tunning_14,256,1024,30,2,128,False,1.0,0.5,50,3e-05,gumbel,45,61.27204355482238,0.13176052803328023,61.140283089316355
tunning_14,256,1024,30,2,128,False,1.0,0.5,50,3e-05,gumbel,46,59.5428668912603,0.13881675894912435,59.40405001561286
tunning_14,256,1024,30,2,128,False,1.0,0.5,50,3e-05,gumbel,47,59.14107998168271,0.3441295082480209,58.796950450918295
tunning_14,256,1024,30,2,128,False,1.0,0.5,50,3e-05,gumbel,48,57.231594907644705,0.6913310526484284,56.54026377135219
tunning_14,256,1024,30,2,128,False,1.0,0.5,50,3e-05,gumbel,49,55.18716714131898,0.6921602036412908,54.49500693010362
tunning_15,256,1024,30,2,128,False,1.0,0.5,50,3e-05,bc,0,146.06119027322168,0.0567290439184894,146.00446146759538
tunning_15,256,1024,30,2,128,False,1.0,0.5,50,3e-05,bc,1,120.22846255644909,0.0013792079698760062,120.22708332209297
tunning_15,256,1024,30,2,128,False,1.0,0.5,50,3e-05,bc,2,118.32662293660707,0.000535176952999183,118.3260878252061
tunning_15,256,1024,30,2,128,False,1.0,0.5,50,3e-05,bc,3,117.33717590669242,0.0004604977022699538,117.33671544533408
tunning_15,256,1024,30,2,128,False,1.0,0.5,50,3e-05,bc,4,116.58224487304688,0.00037988541959411884,116.58186508937435
tunning_15,256,1024,30,2,128,False,1.0,0.5,50,3e-05,bc,5,115.5980496485589,0.0002647908223575516,115.59778510668
tunning_15,256,1024,30,2,128,False,1.0,0.5,50,3e-05,bc,6,114.99583890293185,0.0003007111904656422,114.99553832164786
tunning_15,256,1024,30,2,128,False,1.0,0.5,50,3e-05,bc,7,114.20147456385155,0.00021124464269658006,114.20126338558302
tunning_15,256,1024,30,2,128,False,1.0,0.5,50,3e-05,bc,8,113.67649402934543,0.0002332820582141822,113.67626084807169
tunning_15,256,1024,30,2,128,False,1.0,0.5,50,3e-05,bc,9,112.87969856894478,0.0002629520749906078,112.87943571311993
tunning_15,256,1024,30,2,128,False,1.0,0.5,50,3e-05,bc,10,112.23889181231925,0.0002489576082196195,112.23864278213753
tunning_15,256,1024,30,2,128,False,1.0,0.5,50,3e-05,bc,11,111.64709278760036,0.0002896887051984822,111.64680308136492
tunning_15,256,1024,30,2,128,False,1.0,0.5,50,3e-05,bc,12,114.08926142908592,0.0019824586158910334,114.08727930395642
tunning_15,256,1024,30,2,128,False,1.0,0.5,50,3e-05,bc,13,111.09512906575071,0.0002284262805131331,111.09490039467153
tunning_15,256,1024,30,2,128,False,1.0,0.5,50,3e-05,bc,14,110.42092495069978,0.0002226560781465442,110.42070218080974
tunning_15,256,1024,30,2,128,False,1.0,0.5,50,3e-05,bc,15,110.06409370043,0.0003046775920907015,110.06378919907037
tunning_15,256,1024,30,2,128,False,1.0,0.5,50,3e-05,bc,16,109.37632898994572,0.0002961469186599835,109.37603287670494
tunning_15,256,1024,30,2,128,False,1.0,0.5,50,3e-05,bc,17,108.45846414302594,0.00031379906636552155,108.4581506212772
tunning_15,256,1024,30,2,128,False,1.0,0.5,50,3e-05,bc,18,107.68744667854098,0.00033960019574997153,107.68710710725732
tunning_15,256,1024,30,2,128,False,1.0,0.5,50,3e-05,bc,19,106.93315411140905,0.0003471183020573943,106.93280665782275
tunning_15,256,1024,30,2,128,False,1.0,0.5,50,3e-05,bc,20,106.12813989628745,0.00034371713500853257,106.12779636277678
tunning_15,256,1024,30,2,128,False,1.0,0.5,50,3e-05,bc,21,105.30302774840297,0.00037298166387307954,105.30265508830877
tunning_15,256,1024,30,2,128,False,1.0,0.5,50,3e-05,bc,22,104.31868912501888,0.0006619463669096289,104.3180272223541
tunning_15,256,1024,30,2,128,False,1.0,0.5,50,3e-05,bc,23,103.10723291049347,0.0004997935197708449,103.10673320622735
tunning_15,256,1024,30,2,128,False,1.0,0.5,50,3e-05,bc,24,101.43555075292429,0.00042821367664226635,101.43512257950081
tunning_15,256,1024,30,2,128,False,1.0,0.5,50,3e-05,bc,25,99.61410058796076,0.0004362134994213464,99.61366406856979
tunning_15,256,1024,30,2,128,False,1.0,0.5,50,3e-05,bc,26,97.93657949879683,0.0004076286364097189,97.93617176877859
tunning_15,256,1024,30,2,128,False,1.0,0.5,50,3e-05,bc,27,96.45041930477922,0.0006087824691972021,96.44981063927077
tunning_15,256,1024,30,2,128,False,1.0,0.5,50,3e-05,bc,28,94.37298183546541,0.0005592215502826311,94.37242265564302
tunning_15,256,1024,30,2,128,False,1.0,0.5,50,3e-05,bc,29,91.3727986035426,0.0007428065680728927,91.37205555952715
tunning_15,256,1024,30,2,128,False,1.0,0.5,50,3e-05,bc,30,114.62614373475807,21.106398683474996,93.51974516810633
tunning_15,256,1024,30,2,128,False,1.0,0.5,50,3e-05,bc,31,89.46468285829323,0.14435612992769448,89.32032653639989
tunning_15,256,1024,30,2,128,False,1.0,0.5,50,3e-05,bc,32,85.4525167138537,0.05697739942935784,85.39553925740785
tunning_15,256,1024,30,2,128,False,1.0,0.5,50,3e-05,bc,33,83.06607064094332,0.03957540098865882,83.02649566481786
tunning_15,256,1024,30,2,128,False,1.0,0.5,50,3e-05,bc,34,80.8242458533187,0.030555809868592253,80.79369012822104
tunning_15,256,1024,30,2,128,False,1.0,0.5,50,3e-05,bc,35,78.45147262488939,0.025477163069135413,78.4259957160739
tunning_15,256,1024,30,2,128,False,1.0,0.5,50,3e-05,bc,36,76.35752710584778,0.026747501589028545,76.33077952348066
tunning_15,256,1024,30,2,128,False,1.0,0.5,50,3e-05,bc,37,74.2880249444951,0.03478570833534661,74.25323933132445
tunning_15,256,1024,30,2,128,False,1.0,0.5,50,3e-05,bc,38,73.0038791466813,0.041263416903453635,72.96261581926714
tunning_15,256,1024,30,2,128,False,1.0,0.5,50,3e-05,bc,39,71.1598593780349,0.7008217371053459,70.45903752785361
tunning_15,256,1024,30,2,128,False,1.0,0.5,50,3e-05,bc,40,70.83482430389573,2.000905533501292,68.83391885072487
tunning_15,256,1024,30,2,128,False,1.0,0.5,50,3e-05,bc,41,69.88528610988216,0.031346092983380536,69.85393989942351
tunning_15,256,1024,30,2,128,False,1.0,0.5,50,3e-05,bc,42,66.12948039355199,0.016169790284018656,66.11331033443219
tunning_15,256,1024,30,2,128,False,1.0,0.5,50,3e-05,bc,43,63.167289101616454,0.012721949745772293,63.1545673391437
tunning_15,256,1024,30,2,128,False,1.0,0.5,50,3e-05,bc,44,61.76397504859208,0.012233840252751309,61.751741230158515
tunning_15,256,1024,30,2,128,False,1.0,0.5,50,3e-05,bc,45,59.77455257183939,0.01060720679262725,59.76394522651125
tunning_15,256,1024,30,2,128,False,1.0,0.5,50,3e-05,bc,46,58.48087774455877,0.011207554389038303,58.46967018506803
tunning_15,256,1024,30,2,128,False,1.0,0.5,50,3e-05,bc,47,57.93162568234607,0.015029619772048945,57.91659600695194
tunning_15,256,1024,30,2,128,False,1.0,0.5,50,3e-05,bc,48,55.38308058259237,0.016293733329280635,55.36678691463576
tunning_15,256,1024,30,2,128,False,1.0,0.5,50,3e-05,bc,49,53.3423292044118,0.04770287083852933,53.294626267575424
